category	subcategory	ID	Description	GeneRatio	BgRatio	RichFactor	FoldEnrichment	zScore	pvalue	p.adjust	qvalue	geneID	Count
NA	NA	hsa04517	IgSF CAM signaling	182/3703	302/9500	0.6026490066225165	1.5460884587939256	7.707861753640123	2.5598550649792564e-14	8.908295626127813e-12	4.553847431384151e-12	5290/2932/10097/5062/1432/5781/8826/5908/3688/5594/5291/7189/9693/23085/23607/10096/7204/5584/8976/5170/7414/7082/5747/998/5962/6711/1499/5906/3676/4690/5599/5601/117178/8573/5604/8777/5921/25/57522/382/8832/8500/4628/387/6709/3791/3556/8829/6091/941/9414/84790/4301/51735/5792/10376/83700/2037/2885/653857/4627/8503/4008/5295/10109/3937/23426/4478/56288/8499/23380/2308/5335/9223/4155/942/140735/999/10666/288/8828/9353/219699/23136/3684/351/4067/25945/5603/5802/2036/3690/7410/4638/287/5361/7225/8506/207/3678/940/10580/5362/91807/81928/5789/79827/55243/23705/87/9901/6586/7430/81027/3742/10000/5578/6334/3786/1000/3383/92154/9788/3687/1272/5579/10451/1630/5058/4897/5818/84612/340156/3635/1525/117157/139065/5063/57823/3683/56253/10225/8633/3737/91584/9863/22999/3385/57502/114836/342035/30835/4133/201633/4685/26047/51678/145581/2260/4068/962/6712/150084/5602/23114/84631/5588/3897/6504/26280/6092/914/11141/4684/57689/3736/4916/22871/90249/253559/26050/84189	182
Cellular Processes	Transport and catabolism	hsa04140	Autophagy - animal	109/3703	169/9500	0.6449704142011834	1.6546634984907487	6.8629610527909275	1.2055106024683543e-11	1.9889317548988136e-9	1.0167255492374454e-9	57448/5290/30849/29110/23001/5594/5291/55102/55014/27072/9711/7189/3920/2475/57724/9451/440275/140775/51100/3845/9821/8887/1965/5289/8417/5170/5894/115201/5861/9110/26003/83452/7248/5599/5601/22863/6885/5604/6198/55626/23339/7879/4077/8837/84938/4218/79065/4893/3091/10533/29982/9140/5562/55578/10241/5728/10010/55255/81631/9776/203228/9474/9342/5515/10645/8678/64422/2081/7405/53349/55054/55823/64689/3708/10325/8897/8503/58476/5295/3146/55062/5516/9706/57521/5567/1612/56270/23710/1508/207/1514/10133/10000/22800/664/5580/64798/100130302/116442/58528/8878/5563/22808/3480/596/3667/5602/5588/8471	109
Cellular Processes	Cell growth and death	hsa04110	Cell cycle	103/3703	158/9500	0.6518987341772152	1.6724380163876706	6.8120059722180235	1.7145963404300118e-11	1.9889317548988136e-9	1.0167255492374454e-9	25836/546/545/2932/23063/64682/8243/10735/23244/5529/2033/23047/10274/996/114799/5527/9126/4087/8697/5591/5934/4999/472/1387/5000/7529/7532/5925/5528/5519/9134/5933/57082/25/10971/23595/4193/157570/8454/5001/4089/1871/5885/4175/7534/7029/5515/1017/7465/701/23383/26271/8555/10926/27085/9184/1875/4171/6502/7027/3066/5516/1022/8317/4085/699/1111/4173/890/7272/5525/5111/4172/4088/1019/8556/85417/4998/151648/1021/90381/990/983/891/9700/1030/1027/894/993/10403/7042/9319/9133/23594/595/494551/1870/5347/113130/995/10912/27127/898	103
Cellular Processes	Cell growth and death	hsa04218	Cellular senescence	101/3703	157/9500	0.643312101910828	1.6504091191339094	6.567611023829216	8.579819135964787e-11	7.319081730391286e-9	3.741454363085685e-9	545/5290/204851/4775/1432/23291/132660/5594/5291/10114/2475/54822/4683/3845/4087/3364/23411/5934/472/4361/5894/90550/10111/5501/5810/2309/5925/7248/4790/5532/5604/9134/5933/5928/801/7046/4893/5481/5728/4193/3710/5530/91750/1871/5500/144715/286826/1017/5534/8945/7048/3708/8503/7416/3709/4773/1875/2113/5295/28996/2308/7417/1111/890/4088/5603/5533/1019/163688/292/207/85417/10758/678/2305/824/1021/5608/83593/983/10000/891/22800/677/1030/894/993/7419/8878/3552/7042/22808/9133/595/3576/1870/5054/776/10912/898/3805	101
Cellular Processes	Cellular community - eukaryotes	hsa04510	Focal adhesion	124/3703	203/9500	0.6108374384236454	1.5670957777544237	6.527504305643936	1.0515922026424263e-10	7.319081730391286e-9	3.741454363085685e-9	5290/2932/5062/6093/4659/5908/6654/3688/331/5594/394/5291/6655/3685/9475/1729/1399/329/5170/7414/5894/5747/998/5501/1499/2909/673/7094/5906/3676/1398/5599/5601/5604/8394/2321/2889/3672/3915/387/5728/55742/7057/3791/5500/2002/2335/4660/1793/7058/3673/6464/2885/8503/56034/1282/5295/2317/83660/3910/3655/3912/3611/330/3690/1293/7410/4638/8516/207/3678/91807/3680/824/3082/87/3908/5159/80310/10000/5578/22801/5156/3695/7422/2012/5579/894/10451/284217/5058/1286/340156/131873/2316/5063/3480/6696/8395/596/7450/1956/3696/1278/595/53358/3909/3694/256076/7143/3371/3381/1950/1287/2064/1299/4233/5602/1285/5923/5649/7060/3918/1288	124
Human Diseases	Cancer: overview	hsa05205	Proteoglycans in cancer	122/3703	204/9500	0.5980392156862745	1.5342620980339206	6.165034923870843	1.0005901594019063e-9	5.803422924531056e-8	2.9666620515600378e-8	5290/6093/4659/1432/5781/8826/6654/3688/5594/5291/6655/23365/2475/3685/9475/29102/867/3845/4087/836/5170/5894/5747/998/5501/5962/1499/673/6774/2549/5604/6198/7099/4893/3091/10818/387/4193/3710/1655/7057/3791/5500/10855/818/2002/2335/4660/3673/3339/1975/3708/7855/8323/2885/8503/3709/5295/4478/5335/288/7097/817/5567/7976/7074/5603/3690/7410/287/5727/355/207/3678/1514/7479/3082/960/7430/10000/5578/7078/22800/8322/4060/7474/7422/5579/10451/5058/8321/406903/5328/7042/2316/22808/7472/3480/51196/356/1634/1956/2065/1278/595/27250/3481/6383/2247/2260/7473/2064/7475/4233/7484/7124/286/2099/2719/2066/3593/4318	122
Environmental Information Processing	Signal transduction	hsa04068	FoxO signaling pathway	83/3703	133/9500	0.6240601503759399	1.6010184792253386	5.578629708498664	3.269722635565849e-8	1.6255192531098792e-6	8.309520682866593e-7	5290/1432/1147/6654/2033/6789/5594/5291/6655/7874/80854/3845/23411/5934/472/1387/5170/5894/2309/673/6774/5599/5601/10018/5604/7046/5565/4893/9140/5562/5728/4193/4089/51701/10733/3643/5571/847/9456/1017/7048/2885/8503/5295/6502/901/2308/5896/4088/23710/5603/2911/207/85417/6446/26260/51422/8743/10000/891/3586/664/1030/1027/894/10769/3575/7042/5563/114907/3480/356/9133/9455/1956/595/3667/1901/5347/10912/1950/5602/8471	83
Human Diseases	Cancer: specific types	hsa05215	Prostate cancer	69/3703	106/9500	0.6509433962264151	1.6699871088714402	5.543808895151619	4.147259876656158e-8	1.8040580463454288e-6	9.222196304669614e-7	5290/2932/1385/1147/6654/2033/5594/5291/6655/2475/3845/1387/5170/5894/1499/673/5925/4790/5604/9134/4893/3320/5728/4193/1871/64764/6935/1017/3326/2885/8503/56034/5295/2308/7184/2911/2119/207/2915/5159/80310/10000/2078/5156/6934/2346/1027/5328/113235/3480/596/1956/9586/595/7039/51176/367/1870/1950/2260/4824/2064/2263/6716/7113/898/4314/4318/354	69
Cellular Processes	Cell motility	hsa04810	Regulation of actin cytoskeleton	130/3703	232/9500	0.5603448275862069	1.4375576187061747	5.392626973577939	7.736016996002435e-8	2.9912599051209417e-6	1.5291074530110075e-6	5290/10787/324/10097/5062/6093/4659/200576/8826/10672/6654/3688/54434/5594/5291/6655/23365/3685/85464/9475/3845/10096/1729/1399/8976/7414/5894/5747/998/5501/5962/23191/2909/673/3676/1398/5604/221178/79837/8394/51571/5305/4893/3672/10152/55740/8874/10163/4628/387/5500/2335/2768/4660/1793/1730/3673/55970/653857/4627/8503/56034/5295/10109/81624/2149/1073/4478/3071/9459/8396/727/2846/3684/10788/7074/3655/3690/7410/2245/1902/4638/8516/3985/207/3678/57121/91807/3680/26999/87/624/81553/5159/80310/7430/10000/8936/22800/22801/1133/5156/3687/3695/1132/10451/5058/128239/340156/22808/5063/3683/5217/8395/1956/3696/2252/3694/7852/85477/6387/2246/1950/2247/8822/2260/2250/2263/1131/2255	130
Environmental Information Processing	Signal transduction	hsa04070	Phosphatidylinositol signaling system	64/3703	98/9500	0.6530612244897959	1.6754203706867568	5.371446060137162	1.0667606410272085e-7	3.7123270307746853e-6	1.8977110350905078e-6	5290/5286/200576/5291/8867/3631/9107/23262/54928/4534/4952/253430/8776/22908/5289/55300/9110/22876/5297/79837/8394/64768/801/8871/3632/5305/3633/8760/3612/5728/3710/8898/5287/9807/160851/3708/8897/8503/3709/5295/1040/8396/5335/8821/163688/8526/9162/1608/9677/23236/5578/8527/55529/5332/5579/3635/51196/8395/9108/55613/84812/1607/117283/5288	64
Genetic Information Processing	Translation	hsa03013	Nucleocytoplasmic transport	69/3703	108/9500	0.6388888888888888	1.6390614216701174	5.3381354166533965	1.2481934360525316e-7	3.948830143148009e-6	2.0186094803146208e-6	3836/3842/5903/7514/10527/4928/10526/9972/64328/9631/3840/4686/57187/3839/23279/23633/9818/3837/7175/51068/10762/51194/55161/23165/11260/25909/55705/53371/26019/23534/51808/55746/59343/9883/10250/8021/23039/3843/55706/23511/1434/57122/2733/57510/81929/55916/23214/129401/11097/348995/100101267/4927/22916/5411/79023/3841/22794/3838/23225/5901/9688/6612/8480/1915/7919/387082/64901/392517/402569	69
Cellular Processes	Cellular community - eukaryotes	hsa04520	Adherens junction	61/3703	93/9500	0.6559139784946236	1.6827390752630096	5.287919212866685	1.6736406657390423e-7	4.8535579306432225e-6	2.481098881665773e-6	6093/8826/5908/2033/5594/9855/9475/2241/1387/8976/7414/7082/64750/998/1499/1457/11235/5906/1495/283106/6885/117178/7525/57493/1459/7046/10163/9411/57154/387/5795/4089/51701/3643/5770/4301/7048/5792/4008/5787/56288/5797/999/52/25945/4088/10580/87/8936/1003/6934/5818/10810/3480/29119/1956/6591/51176/2260/2064/4233	61
Human Diseases	Endocrine and metabolic disease	hsa04933	AGE-RAGE signaling pathway in diabetic complications	65/3703	101/9500	0.6435643564356436	1.6510562749496662	5.2571762930373955	1.9334264455047048e-7	5.175633869504902e-6	2.64574145174328e-6	5290/1432/5594/5291/3845/4087/836/1729/998/6774/5599/5601/4790/7046/6772/4893/4089/1536/3717/2335/7048/8503/1282/7412/5295/5581/2308/5335/6777/4088/5603/1019/207/50507/23236/10000/5578/3553/3383/5332/5580/1281/7422/5579/1027/1286/3552/7042/51196/596/1278/595/6401/3576/7056/5054/6347/84812/1287/2152/5602/1285/7124/185/1288	65
Cellular Processes	Transport and catabolism	hsa04148	Efferocytosis	92/3703	157/9500	0.5859872611464968	1.503342960003165	5.0825867529126825	4.243646841129798e-7	1.0548493576522642e-5	5.392303128954404e-6	1385/23355/4775/1432/5781/488/9392/5594/6868/27072/102/196527/405/3685/5868/55754/836/23411/51552/1399/19/24145/5747/1398/286410/5604/5869/23339/23200/3988/7879/3091/8754/7057/3717/818/840/1793/1374/10461/23250/55823/80824/5087/961/558/4773/84868/1788/817/5603/5734/3690/51454/6446/5175/9844/161291/4035/10396/140885/26762/6566/3586/384/84466/89790/10326/5627/4953/240/5732/6513/5029/121601/51761/1847/1901/64805/1524/100133941/91937/203859/489/63982/389668/246/948/1846/5743/343702/55423	92
Environmental Information Processing	Signaling molecules and interaction	hsa04512	ECM-receptor interaction	57/3703	89/9500	0.6404494382022472	1.6430649913371183	4.871314097888123	1.3725234644009778e-6	3.0507264968467755e-5	1.5595062854419388e-5	3688/3685/3676/1605/3672/3915/7057/2335/7058/3673/961/3339/1282/3910/3161/3655/3912/2814/3690/1293/8516/3678/3680/960/3908/22801/3695/284217/1286/80144/131873/6696/7450/3696/1278/3909/3694/2811/256076/7143/3371/3381/341640/255743/9899/1287/1299/158326/1285/948/22987/5649/1758/7060/56955/3918/1288	57
Cellular Processes	Transport and catabolism	hsa04144	Endocytosis	135/3703	252/9500	0.5357142857142857	1.3743682728289803	4.813816656648574	1.40263287211346e-6	3.0507264968467755e-5	1.5595062854419388e-5	83737/8411/23527/9101/10097/3799/23325/9815/2060/9525/8027/10565/9765/7189/10015/8729/10564/55737/8723/64145/10254/3482/58533/22841/829/868/5868/50807/1213/51100/867/10890/60682/4087/6643/10096/55680/9897/5584/57403/9559/830/8853/25978/10193/51652/8976/51534/64750/998/4734/10617/9372/5869/7037/116987/8394/7879/3312/7046/4218/378/9922/9798/382/137492/147179/57154/163/387/377/4193/253725/116984/8766/51028/30844/29934/9135/57132/11059/1601/22905/157/80223/387680/7251/11311/7048/27131/51324/653857/26286/51510/7456/10109/11031/3949/23111/64744/6642/56288/5337/30845/4088/8724/9829/23362/30011/23096/3305/89853/1234/26052/3579/408/23327/5156/9265/3559/3560/84612/92421/84440/3480/8395/1956/8218/3800/7852/273/3798/2263/55040/3577	135
Human Diseases	Neurodegenerative disease	hsa05017	Spinocerebellar ataxia	84/3703	144/9500	0.5833333333333334	1.4965343415248897	4.7984345989248824	1.733619850297394e-6	3.548821811197018e-5	1.8141285120759103e-5	5290/30849/4976/23369/342371/6667/488/5291/55102/9698/2475/5707/3516/9821/4800/5289/6311/90550/5700/10939/5599/5601/22863/55626/5713/2776/5718/5706/6310/6095/29982/10213/3710/5701/9776/4287/9861/8678/2081/5717/5708/115209/2959/3708/4217/11273/8503/6908/7416/3709/5295/55062/25814/116443/5684/9706/7417/5687/10524/7436/2911/9519/54205/5683/292/207/23236/10000/5578/5332/5579/2892/7419/7222/7494/3752/489/2903/6712/5602/1600/5649/2904/2891	84
Environmental Information Processing	Signal transduction	hsa04015	Rap1 signaling pathway	116/3703	212/9500	0.5471698113207547	1.4037572799209208	4.751616072798817	1.9650163955154163e-6	3.757950961839226e-5	1.9210336132813953e-5	5290/1432/5908/3688/5594/5291/9693/9855/3845/2773/5584/1399/5894/998/1499/9732/673/7094/5906/1398/5604/5898/9771/2321/113/801/2776/2889/4893/55740/260425/387/23683/7057/3791/5899/26037/3643/2533/25780/4301/285/51735/23094/8503/56034/109/5295/112/3937/2149/57568/56288/5028/4254/83660/5335/9223/999/115/2846/3684/7074/284/11069/7010/5603/3690/7410/1902/163688/207/5587/57121/3082/5608/54518/5159/80310/83593/23236/10000/5578/5332/5156/1436/7422/5579/10451/84612/2357/22808/3480/51196/3683/5217/1956/2770/2252/9863/2246/1950/2247/8822/2260/2250/2903/4233/3815/2263/136/1268/2904/107/23566/2255	116
Human Diseases	Drug resistance: antineoplastic	hsa01521	EGFR tyrosine kinase inhibitor resistance	52/3703	80/9500	0.65	1.6675668376991628	4.792128401609176	2.051754835486934e-6	3.757950961839226e-5	1.9210336132813953e-5	5290/2932/6654/5594/5291/6655/2475/4763/1977/3845/3716/5894/2309/673/6774/2549/10018/5604/6198/4893/5728/3791/3717/6464/2885/8503/56034/558/5295/5335/3570/207/3082/5159/80310/10000/5578/5156/7422/5579/3480/596/1956/2065/7039/53358/1950/2247/2064/4233/2263/3084	52
Environmental Information Processing	Signal transduction	hsa04072	Phospholipase D signaling pathway	86/3703	149/9500	0.5771812080536913	1.4807511413745795	4.727141248717905	2.404706573010182e-6	4.184189437037716e-5	2.1389232149406352e-5	5290/5781/10672/6654/5594/5291/6655/2475/3845/5894/2549/7248/5604/5898/8394/113/4893/382/387/5899/3643/5294/160851/56894/2768/6464/2885/8503/56034/552/109/5295/112/2149/55326/4254/5335/5337/10554/8613/115/23533/2846/6850/11069/2918/2911/1902/8526/207/9162/57121/2915/1608/5159/80310/26052/23236/3579/10000/5578/8527/22800/5332/9846/5156/9265/2207/22808/8395/1956/2912/5321/53358/3576/2206/1950/1607/3815/3577/5737/283748/185/255189/107/23566	86
Human Diseases	Infectious disease: bacterial	hsa05131	Shigellosis	134/3703	253/9500	0.5296442687747036	1.3587957205940275	4.622971711657357	3.4291679819799006e-6	5.654146795879754e-5	2.8903533227576478e-5	5290/2932/30849/10097/6093/1432/29110/1147/257397/23291/3688/5594/5291/7189/4735/2475/989/9475/23118/10096/10892/1729/5289/1399/472/8976/7414/7323/5747/54874/998/8915/8737/63916/2309/7094/1398/5599/5601/22863/6885/4790/55752/6198/9252/7321/7334/7099/9140/382/10163/387/10241/5481/4193/3710/4615/81631/8454/831/7335/9474/23176/8678/1793/11335/8945/23048/55054/3098/3708/10325/3099/653857/8503/7416/4671/3709/5295/10109/55062/10392/5581/58484/3554/2308/11146/83660/57521/5335/7336/115004/5603/3611/7100/23157/8767/54205/207/3678/9844/824/92610/87/960/23236/10000/8936/114548/3553/664/7188/5332/5580/9265/58528/8878/8356/51196/5217/596/1956/3576/55964/84812/8353/7307/102724594/5602/440686/5588/7124/8355/8357	134
Genetic Information Processing	Chromosome	hsa03083	Polycomb repressive complex	53/3703	83/9500	0.6385542168674698	1.6382028248017724	4.667191628439901	3.656728649904391e-6	5.654146795879754e-5	2.8903533227576478e-5	55252/80012/2033/84458/23269/10238/55777/7874/23512/10600/22992/84333/23429/7528/1387/85015/7323/121536/171023/54880/10138/22823/3720/3054/5928/54881/7321/51460/1876/54554/84108/404281/8473/84456/1911/84678/11335/6045/8726/5931/63035/7027/3066/221937/57713/114785/26053/648/6322/10389/2146/80816/84733	53
Environmental Information Processing	Signal transduction	hsa04014	Ras signaling pathway	127/3703	238/9500	0.5336134453781513	1.3689785933276901	4.607352183169691	3.736936100725125e-6	5.654146795879754e-5	2.8903533227576478e-5	5290/5062/5966/57148/29110/5781/1147/5908/6654/6789/5594/5291/6655/5868/4763/27/3845/253959/8036/8315/5894/998/2549/5906/5599/5601/4790/5604/5898/5869/9771/2321/5922/801/5921/25/9462/4893/382/387/10928/59345/2782/3791/5899/55770/57186/3643/2002/25780/81579/23179/6464/4301/285/2885/55970/8503/56034/2113/5295/4254/5924/5335/5337/5567/7074/284/7010/8844/54331/163688/207/3082/8831/5159/80310/83593/22821/10000/5578/22800/3363/9846/5156/1436/7422/5579/283455/5058/10125/22808/115727/5063/3480/51196/356/1956/5321/2252/7039/53358/3481/2246/1950/2247/8822/2260/51365/2250/2322/2903/4233/5602/3815/2263/5923/4909/283748/4915/2904/8399/255189/627/26279/2786/2255	127
Environmental Information Processing	Signal transduction	hsa04010	MAPK signaling pathway	155/3703	300/9500	0.5166666666666667	1.3255018453506169	4.5786170206584895	4.043361075666049e-6	5.8628735597157705e-5	2.9970527271384306e-5	10746/57551/5062/4775/1432/1386/1147/5908/6654/6789/5594/6655/7189/9693/2005/4763/23118/8491/51347/3845/836/1399/5894/5494/998/673/5906/1398/6788/5599/1845/5601/6885/4790/5532/5604/2321/5922/9252/5921/51135/8550/3312/7046/4893/51776/6197/4216/4293/9175/4615/5530/3791/3556/51701/3643/4215/2002/8649/2768/25780/9448/5534/80824/5495/285/6416/7048/2885/4217/55970/4214/56034/2122/3554/4254/5924/781/4208/5567/284/7010/5603/5533/6196/355/207/3305/3082/5608/11221/5159/80310/10000/5578/408/22800/3553/5156/1436/84451/7422/5579/5058/3552/10125/775/7042/785/2316/22808/115727/3480/356/1956/2065/5321/2252/5801/7039/1847/3481/2246/776/777/27091/10912/1950/2247/8822/2260/783/2064/2250/2322/27330/4233/5602/3815/2263/5979/7124/5923/4909/283748/1846/4915/2066/2668/9254/255189/627/774/2069/2255	155
Environmental Information Processing	Signal transduction	hsa04152	AMPK signaling pathway	72/3703	122/9500	0.5901639344262295	1.514058162854221	4.5672124158639225	5.270404883808274e-6	7.011942990235495e-5	3.5844475660913446e-5	5290/1385/5529/51719/5291/2475/5527/10890/23411/51552/5170/3156/2309/5528/7248/5519/6885/31/6198/29904/4218/5565/5523/5562/51094/64764/3643/5862/5515/5571/10645/1374/5520/5208/55012/8503/5295/55437/79602/5516/2308/57521/3953/890/5525/92335/5209/6319/23216/207/5210/51422/10000/81617/5213/5563/3480/9586/595/3667/2194/10891/8789/148/5207/79966/2203/1080/948/8471/5522/1149	72
Organismal Systems	Immune system	hsa04660	T cell receptor signaling pathway	72/3703	122/9500	0.5901639344262295	1.514058162854221	4.5672124158639225	5.270404883808274e-6	7.011942990235495e-5	3.5844475660913446e-5	5290/2932/5062/4775/1432/5781/1147/5529/6654/5594/5291/6655/1739/868/5527/3845/10892/5170/5894/998/8915/4690/5528/5599/5601/5519/6885/4790/5532/5604/4893/5523/387/5530/5515/5534/5520/5788/2885/55012/8503/4773/5295/3937/5516/5335/7006/5525/5603/5533/7410/1019/207/940/920/10000/3586/10451/5058/29851/3702/917/10125/5063/959/3458/5602/1493/5588/7124/925/5522	72
Environmental Information Processing	Signal transduction	hsa04151	PI3K-Akt signaling pathway	182/3703	362/9500	0.5027624309392266	1.2898307031927227	4.4935258934379965	5.7139076741603e-6	7.011942990235495e-5	3.5844475660913446e-5	5290/2932/1385/1386/1147/5529/23035/6654/3688/5594/5291/6655/5586/2475/3685/5527/3454/1977/3845/5934/3716/5170/5894/7529/5747/7532/2309/3676/5528/7248/5519/10018/4790/5604/9134/6198/2321/10971/118788/7099/4893/3672/3915/5523/5562/59345/3320/5728/4193/2782/4170/7057/3791/64764/3717/7534/3643/5294/672/5515/2335/1017/3326/5520/7058/3673/285/1975/5618/2885/55970/55012/8503/56034/1282/5295/2149/4254/5516/9180/3910/57521/9223/7184/23239/7097/23533/2846/5525/3655/6850/284/3912/7010/3690/1293/54331/1019/1902/3570/8516/207/3678/6446/57121/3574/3680/1021/3082/3908/5159/80310/10000/5578/22801/5156/2690/1436/3695/7422/1027/894/3559/284217/3575/3560/1286/131873/5563/3480/6696/356/596/7450/1956/2065/3696/2252/9586/1278/595/7039/3667/9863/3909/3694/256076/3481/7143/2246/3371/3381/1950/2247/8822/2260/1287/2064/2250/2322/1299/4233/3815/2263/5979/1285/4602/4909/5649/898/4915/2066/2668/7060/627/3918/5522/1288/23566/2786/2069/2255	182
Metabolism	Carbohydrate metabolism	hsa00562	Inositol phosphate metabolism	50/3703	78/9500	0.6410256410256411	1.6445432324449338	4.568166807156891	5.835836336496873e-6	7.011942990235495e-5	3.5844475660913446e-5	5290/5286/200576/5291/8867/3631/9107/23262/4534/4952/253430/8776/22908/5289/55300/9110/22876/5297/79837/8394/64768/8871/3632/9562/5305/3633/3612/5728/8898/5287/9807/5294/9896/8897/4329/8396/5335/8821/9677/23236/23007/5332/3635/51196/8395/9108/55613/84812/117283/5288	50
Human Diseases	Infectious disease: viral	hsa05165	Human papillomavirus infection	169/3703	333/9500	0.5075075075075075	1.30200413754289	4.483689645315709	6.077572209537676e-6	7.011942990235495e-5	3.5844475660913446e-5	545/5290/2932/1385/324/523/23352/29110/1147/5529/6654/3688/2033/5594/5291/6655/4853/1739/2475/1452/3516/7337/3685/5527/5610/3454/3845/836/9794/5584/5934/472/3716/1387/5894/5747/998/4799/23545/1499/5700/64398/5663/3676/5925/5528/7248/5519/4790/5604/841/528/9134/5933/6198/6773/6772/4893/3672/3915/5523/526/5728/4193/7057/1857/64764/5515/2335/1017/10207/5520/7058/3673/7855/8323/2885/1741/55012/8503/6908/1282/5295/7187/3066/7098/56288/51382/5516/2308/3910/9223/55534/890/51606/5525/182/5567/7976/84441/3655/3912/5734/3690/1293/9519/1019/8516/355/207/3678/3680/7479/1021/3908/5159/10000/245972/1740/4600/57801/8322/22801/7474/3695/7422/6934/1027/894/284217/84612/8321/1286/131873/7472/6696/356/7450/8313/1956/3696/9586/1278/595/3909/3694/256076/50617/7143/3371/3381/534/1950/8638/7473/1287/7475/1299/7484/1285/4599/7124/5649/898/5743/7060/3918/5522/1288	169
Human Diseases	Infectious disease: viral	hsa05162	Measles	80/3703	139/9500	0.5755395683453237	1.4765395353174655	4.523341366052849	6.220203942770776e-6	7.011942990235495e-5	3.5844475660913446e-5	5290/2932/29110/1147/5291/7189/103/9451/868/440275/23118/5610/317/3454/836/1965/25898/3716/1457/6774/283106/5599/5601/6885/4790/841/9134/6773/51135/1459/3312/6772/7099/57506/4179/4615/4940/9367/27102/1017/51284/64135/8503/23586/5295/7187/4478/4939/7128/7097/6777/51209/1019/54205/355/207/3305/940/1021/10000/3553/4600/1027/894/3559/3560/917/3552/356/596/595/4938/27113/2213/30835/5602/4599/6504/898/3593	80
Environmental Information Processing	Signal transduction	hsa04012	ErbB signaling pathway	54/3703	86/9500	0.627906976744186	1.6108874639669908	4.548178400415662	6.246271054520125e-6	7.011942990235495e-5	3.5844475660913446e-5	5290/2932/5062/6654/5594/5291/6655/2475/868/867/27/3845/1399/5894/5747/673/2549/1398/4690/5599/5601/5604/6198/25/4893/818/2002/6464/6416/2885/8503/5295/5335/817/6777/207/10000/5578/5579/1027/5058/5063/685/1956/2065/7039/53358/10718/1950/2064/5602/3084/2066/2069	54
Environmental Information Processing	Signal transduction	hsa04071	Sphingolipid signaling pathway	73/3703	125/9500	0.584	1.4982446664866325	4.481528642297403	7.692371022882021e-6	8.365453487384198e-5	4.2763509962732284e-5	5290/6093/1432/5529/10672/5594/5291/9475/5527/253782/3845/8879/2773/10558/5170/5894/259230/5528/5599/5601/5519/4790/5604/166929/2776/4893/340485/5523/387/9517/5728/8439/4363/29956/5515/2768/5520/81537/4217/55012/8503/5295/5581/56624/5516/5337/5525/171546/5603/1903/427/207/624/23236/10000/5578/8560/5332/9846/130367/5579/55304/2207/596/140/2770/2206/1901/10715/5602/7124/165679/5522	73
Genetic Information Processing	Folding, sorting and degradation	hsa04141	Protein processing in endoplasmic reticulum	95/3703	172/9500	0.5523255813953488	1.4169843433042977	4.410662762387412	9.74198832570455e-6	1.0273369507106615e-4	5.2516619682426436e-5	10905/51360/10802/56886/10427/84061/29979/23190/22872/22926/6400/201595/29978/821/5887/10299/9451/3998/10484/5611/80267/9871/9695/1965/6745/54431/7095/7323/9632/4780/23193/7326/11231/27248/10277/56681/10483/5599/5601/23471/6747/55757/51465/3312/7321/3703/55768/10294/10808/9373/30001/3320/8720/8454/165324/7415/3301/51128/4287/79139/10525/2081/3326/10130/4121/6185/91445/4217/55176/56893/3309/80331/7184/58505/81567/9709/22824/258010/2923/3305/55432/824/267/85479/7993/56605/9532/596/7466/7494/133022/57134/5071/7991/5602	95
Human Diseases	Cancer: specific types	hsa05210	Colorectal cancer	54/3703	87/9500	0.6206896551724138	1.5923715161053014	4.436126420500141	1.0260613166613654e-5	1.0502039358769269e-4	5.368556115039342e-5	5290/2932/324/6654/5594/5291/6655/51426/2475/26060/2956/3845/4087/4437/836/5894/1499/673/5599/5601/10018/5604/5898/6198/4436/7046/4893/4292/387/4089/5899/7048/2885/8503/5295/4088/54205/207/10000/6934/1630/7042/5366/596/8313/1956/595/7039/27113/51176/10912/1950/5602/2069	54
Human Diseases	Infectious disease: bacterial	hsa05132	Salmonella infection	131/3703	251/9500	0.5219123505976095	1.3389595816033733	4.34962219020492	1.167732983856561e-5	0.00011610602239488091	5.935244339000264e-5	3836/5290/10787/10640/10097/3799/5286/1432/1778/1147/257397/9648/5594/3840/5291/27072/7189/3839/5868/64746/9475/23118/112574/1783/10096/10006/836/5289/84516/8976/329/5894/4074/79443/998/51164/55207/1781/23191/8737/1499/63916/5599/5601/60412/6885/4790/5604/841/4646/5898/5869/23265/1434/23339/51135/26263/114609/7879/6990/7099/382/387/3320/4615/51429/79026/5287/79659/9367/55770/5294/840/55860/51143/3326/1639/5788/55823/84790/6416/10376/8797/653857/4671/10109/10392/58484/3071/5420/140735/10333/7184/7097/5603/51626/330/8795/51209/7100/8767/113146/54205/207/9844/26084/26999/5608/81027/8743/10000/114548/3553/6934/9265/5058/2316/10810/5063/5217/596/838/3800/3576/51176/1780/3798/5602/7124/399/5288	131
Human Diseases	Cardiovascular disease	hsa05417	Lipid and atherosclerosis	115/3703	216/9500	0.5324074074074074	1.3658845180584311	4.347278793224607	1.2192398407770207e-5	1.1678904805745973e-4	5.970160048914306e-5	5290/2932/4775/1432/29110/1147/5908/57534/5594/5291/22926/7189/5451/9451/9475/23118/317/3845/836/1965/19/5170/5747/998/4780/6774/5906/5599/5601/6885/4790/5532/841/801/51135/114609/3312/7099/4893/30001/387/3320/10010/4615/5530/1536/3717/818/840/3308/2081/3326/5534/3329/6416/3708/4217/8797/8503/4773/7412/5295/7187/3949/4973/3309/5335/4688/10333/7184/7097/817/4067/7436/9619/5603/5533/8795/7410/839/163688/54205/355/207/3305/5608/8743/23236/10000/5578/114548/3553/3383/5332/10451/142678/356/596/25833/6401/7494/4312/3576/6347/959/5602/7124/948/3593/335/338/4314/4318/1548/1549	115
Organismal Systems	Nervous system	hsa04722	Neurotrophin signaling pathway	70/3703	120/9500	0.5833333333333334	1.4965343415248897	4.374744000623634	1.2417226373925317e-5	1.1678904805745973e-4	5.970160048914306e-5	5290/2932/1432/5781/5908/6654/5594/5291/6655/7189/57498/11108/3845/1399/5170/5894/998/2309/673/5663/2549/5906/1398/5599/5601/4790/5604/6272/9252/801/10019/25/51135/2889/4893/10818/6197/387/4215/818/6464/2885/4217/4214/8503/5295/5335/814/817/10782/5603/8767/6196/163688/3656/207/11213/10000/5580/9500/356/596/3667/53358/27330/5602/4909/4915/627/4916	70
Human Diseases	Infectious disease: viral	hsa05161	Hepatitis B	90/3703	163/9500	0.5521472392638037	1.4165268088053296	4.286938285694429	1.6853009690656636e-5	1.543380887460134e-4	7.889636115570557e-5	1654/5290/1385/4775/1432/1386/29110/1147/6654/2033/5594/5291/6655/7189/23118/317/3454/3845/836/3716/1387/5894/7529/1642/673/6774/5925/5599/5601/6885/4790/5604/841/9134/10971/6773/51135/114609/7046/6772/7099/4893/57506/4615/4089/1871/64764/3717/7534/2002/1017/64135/6416/7048/3339/2885/4214/8503/23586/4773/5295/7187/7098/890/7097/6777/5111/4088/5603/843/54205/355/207/5608/10000/5578/5579/7419/6775/7042/356/596/9586/3576/1870/1959/5602/7124/898/4318	90
Human Diseases	Infectious disease: bacterial	hsa05135	Yersinia infection	78/3703	138/9500	0.5652173913043478	1.4500581197384024	4.256356302795451	1.995362590748958e-5	1.7804773886683013e-4	9.101653922714546e-5	5290/2932/10097/6093/4775/1432/9815/29110/1147/3688/5594/5291/5586/7189/23365/9475/23118/10096/1399/8976/5747/998/63916/3676/1398/5599/5601/6885/4790/5604/8394/51135/2776/7099/8874/382/10163/6197/147179/387/4615/8935/2533/2335/1793/6416/653857/8503/4773/5295/7456/10109/3937/58484/5335/2212/5603/7410/6196/207/3678/64283/9844/5608/920/4210/10000/3586/114548/3553/10451/8395/3576/6347/27330/5602/7124/925	78
Organismal Systems	Immune system	hsa04611	Platelet activation	72/3703	126/9500	0.5714285714285714	1.4659928243509124	4.208391907889212	2.4949380754606122e-5	2.1705961256507323e-4	1.1095908809285355e-4	5290/6093/4659/1432/5908/10672/3688/5594/5291/23365/8773/9475/2773/5584/5501/2909/7094/5906/113/2776/387/3710/5500/5294/5592/3673/2983/3708/8503/3709/6786/109/5295/112/3937/2149/2977/5028/83660/2982/2212/115/23533/5742/5567/4067/6850/2814/5603/5593/3690/4638/695/207/91807/54518/23236/10000/5332/1281/340156/2207/10125/7450/2770/5321/1278/2811/64805/283748/255189/107	72
Organismal Systems	Development and regeneration	hsa04380	Osteoclast differentiation	80/3703	143/9500	0.5594405594405595	1.4352377301337607	4.19121934869128	2.6025829134972176e-5	2.209021594870809e-4	1.129233664649627e-4	5290/1385/1432/1147/488/5594/5291/7189/1540/23118/3454/3716/5599/5601/6885/4790/5532/5604/6773/7046/6772/3710/5530/4286/3459/5534/2355/7048/3708/2885/8503/3709/4773/5295/3937/3554/2214/4688/2212/7006/814/6850/5603/5533/3690/695/207/79168/10859/5608/140885/11024/10000/8792/3553/9846/11006/1436/10326/169200/29760/2215/124905743/8878/3552/2209/1513/7042/799/10288/2213/4982/489/10990/3458/8600/5602/7124/23547/55423	80
Human Diseases	Cancer: specific types	hsa05212	Pancreatic cancer	48/3703	77/9500	0.6233766233766234	1.5992648992919045	4.219721194920506	2.6765819100330615e-5	2.217739296884537e-4	1.1336900821944546e-4	5290/1147/5594/5291/51426/2475/3845/4087/3716/5894/675/998/673/6774/5925/5599/5601/4790/5604/5898/6198/7046/6772/10928/4089/5899/1871/7048/8503/5295/9459/5337/4088/1019/207/1021/10000/7422/5888/7042/1956/595/7039/1870/10912/1950/2064/5602	48
Human Diseases	Infectious disease: bacterial	hsa05152	Tuberculosis	98/3703	182/9500	0.5384615384615384	1.3814163152537444	4.152290759234661	2.8983649606478774e-5	2.3456535030359568e-4	1.1990787719693788e-4	8411/1385/1432/2033/5594/7189/23365/3920/5868/317/10892/836/4800/5289/3716/1387/5894/8915/23545/5599/5601/4790/5532/841/5869/801/51135/3313/114609/7879/6772/7099/4801/387/4615/5530/7096/3717/818/3459/5534/3329/5993/64581/1520/7421/22925/5994/1054/2214/10333/2212/51606/7097/817/3684/6850/5603/8844/5533/4360/8767/163688/3656/843/54205/207/10000/245972/3586/3553/64127/3111/3687/3587/3122/3113/3117/2215/124905743/2207/3552/2209/7042/1378/3109/596/4261/1379/2213/30835/50617/3458/5602/7124/1594/3593/3118	98
Environmental Information Processing	Signal transduction	hsa04350	TGF-beta signaling pathway	64/3703	110/9500	0.5818181818181818	1.4926472393391108	4.153495550792415	3.237502893768667e-5	2.560570470526128e-4	1.3089425575284804e-4	6093/23592/6667/2033/5594/659/9765/4090/25942/4087/1387/64750/657/6498/5519/9372/90/7037/9611/5933/6198/7046/4086/3624/57154/387/7057/8454/4089/93/5515/92/2200/4756/7048/91/1875/7027/3066/6497/4052/4092/5516/26585/4088/4093/3077/353500/1030/4838/7042/656/79875/1634/3626/2615/130399/392255/3458/7124/2331/652/64388/658	64
Genetic Information Processing	Folding, sorting and degradation	hsa04120	Ubiquitin mediated proteolysis	79/3703	142/9500	0.5563380281690141	1.4272782251162932	4.099940578054895	3.8020631776145144e-5	2.940262190688558e-4	1.5030378409750946e-4	10075/57448/9320/83737/64682/8450/51366/9354/8554/55236/23291/8065/8925/331/7189/8452/996/8453/7337/868/22954/9690/867/26091/8697/26259/25898/55284/329/89910/7323/3093/64750/7326/8924/1642/10054/4734/10277/7319/8451/4591/7324/1161/9039/51465/9063/7328/7321/7334/57154/55958/4193/8454/65264/7317/672/92912/11059/8945/55294/54926/10401/9886/64326/4214/6502/10055/55120/11060/330/23327/9246/8916/7325/5071/4281/134111/90293	79
Human Diseases	Cancer: overview	hsa05235	PD-L1 expression and PD-1 checkpoint pathway in cancer	54/3703	90/9500	0.6	1.5392924655684581	4.108326449206282	4.089150427845868e-5	3.093531193239917e-4	1.5813876940639623e-4	5290/4775/1432/5781/1147/5594/5291/7189/2475/3845/3716/5894/27436/1457/6774/283106/4790/5532/5604/6198/1459/114609/6772/7099/4893/3091/5728/4615/5530/3717/4215/3459/5534/8503/4773/5295/5335/29126/7097/5603/5533/207/940/5608/920/10000/917/10125/1956/1950/116071/3458/5588/238	54
Organismal Systems	Development and regeneration	hsa04360	Axon guidance	98/3703	184/9500	0.532608695652174	1.3664009205227257	4.011112818601994	5.150245417689082e-5	3.813373202884682e-4	1.949365006919272e-4	5290/2932/5062/6093/4775/5781/3688/54434/5594/5291/659/23365/85464/9475/3845/2773/9860/5170/5894/5747/998/4690/6259/5532/5921/25/10154/57522/4893/55740/387/5530/3983/8829/6091/818/5534/4756/10507/8503/4773/5295/1073/56288/23380/5335/9353/7220/219699/817/7976/9037/10512/3611/5533/223117/10371/5361/3985/5727/7225/2043/5362/2042/64101/7223/9901/6586/1808/5578/7474/2048/1630/5058/84612/5063/7222/2770/5365/8633/91584/7852/80031/59277/6387/2045/4917/4233/9723/3897/285220/2044/6092/57689/22885/56896/90249/658	98
Human Diseases	Cancer: overview	hsa05231	Choline metabolism in cancer	58/3703	99/9500	0.5858585858585859	1.5030128451678546	4.020904850190203	5.694093895677153e-5	4.1282180743659356e-4	2.1103111148452604e-4	5290/6667/6654/5594/5291/6655/5130/2475/3845/5170/5894/23446/7248/5599/5601/5604/6198/8394/4893/3091/10163/10434/160851/2885/8503/56034/5295/5335/5337/8613/56261/1119/8526/207/9162/1608/6584/5159/80310/10000/5578/8527/8936/5156/5579/56994/10810/8395/1956/5321/1950/1607/5602/283748/204962/6581/255189/80736	58
Metabolism	Global and overview maps	hsa01212	Fatty acid metabolism	37/3703	57/9500	0.6491228070175439	1.6653164101179225	4.026473249905139	6.352674792152779e-5	4.5116955666717694e-4	2.3063416538642736e-4	201562/51/31/2181/51144/51495/2182/3032/6342/1374/1376/34/1962/3295/5538/109703458/3030/3992/60481/84869/39/2180/6319/79993/79071/36/401494/38/9415/81616/51703/6785/2194/79966/23305/83401/54898	37
Human Diseases	Cancer: specific types	hsa05223	Non-small cell lung cancer	45/3703	73/9500	0.6164383561643836	1.5814648618854021	3.9857706194274884	7.044982071995463e-5	4.903307522108843e-4	2.506530463509965e-4	5290/3799/6654/6789/5594/5291/6655/51426/3845/5170/5894/27436/2309/673/6774/5925/5604/4893/1871/2885/8503/5295/5335/6777/1019/207/1021/3082/83593/10000/5578/5579/5915/1956/595/7039/3800/1870/10912/1950/2064/3798/4233/5979/238	45
Cellular Processes	Cell motility	hsa04820	Cytoskeleton in muscle cells	119/3703	233/9500	0.5107296137339056	1.3102704106054828	3.832329913609835	9.954768038414661e-5	6.792665249741769e-4	3.472354589250934e-4	29766/3688/829/3685/6645/1729/830/23002/7414/6711/7094/3676/23224/476/1605/3672/4628/272/6709/7170/23345/7057/22795/23353/1829/79188/114793/2335/7171/1462/10611/1730/2200/7058/3673/4811/3339/91010/4627/1282/3930/5318/81624/6443/23500/4001/29767/6641/83660/255631/288/7273/1832/10529/3655/1290/8082/1301/3690/1293/287/8516/161176/3678/3680/171024/6444/3908/4703/1824/7168/1756/2201/22801/1281/3695/284217/1286/131873/481/1634/3696/1278/11155/165904/1837/9499/1289/3694/256076/8910/8735/7169/6383/27295/4620/4622/825/7140/4626/1287/6712/8557/1299/4619/7136/1285/7111/7125/56776/84675/27063/7137/7060/1288/88/480/6445/1674	119
Human Diseases	Cardiovascular disease	hsa05412	Arrhythmogenic right ventricular cardiomyopathy	51/3703	86/9500	0.5930232558139535	1.5213937159688249	3.881879686452372	1.0181929040441492e-4	6.814060203987768e-4	3.4832915138352467e-4	3688/488/3685/6645/1499/1495/3676/1605/6546/3672/1829/3673/5318/6443/6641/781/1832/3655/8082/3690/8516/3678/3680/6444/3908/6262/1824/1756/1000/22801/3695/6934/284217/775/785/6547/29119/3696/1837/3694/8910/2697/51176/776/27091/489/783/9254/88/6445/1674	51
Human Diseases	Cancer: specific types	hsa05211	Renal cell carcinoma	43/3703	70/9500	0.6142857142857143	1.575942286177231	3.8653274353661033	1.1401719994091004e-4	7.435032964168058e-4	3.8007276798076277e-4	5290/5062/5781/5908/6654/2033/5594/5291/6655/8453/405/3845/1399/1387/5894/998/673/2549/5906/1398/5604/2889/4893/3091/2885/8503/2113/5295/54583/2034/207/3082/9915/10000/7422/5058/7042/5063/6513/7039/112399/112398/4233	43
Cellular Processes	Transport and catabolism	hsa04137	Mitophagy - animal	60/3703	105/9500	0.5714285714285714	1.4659928243509124	3.8374226640640785	1.1537120116812502e-4	7.435032964168058e-4	3.8007276798076277e-4	10075/9101/4976/25820/9958/29110/6667/55669/64786/9868/9451/5868/3845/8887/1965/22879/64750/54708/1457/2309/283106/5599/5601/55288/345778/5869/55626/1459/7879/4077/23786/79065/4893/3091/57154/10241/81631/84749/4286/7415/9927/8678/221960/51622/665/139341/9804/84134/23710/267/10133/22800/387990/664/65018/8878/22808/10370/5071/5602	60
Human Diseases	Infectious disease: viral	hsa05163	Human cytomegalovirus infection	116/3703	227/9500	0.5110132158590308	1.3109979882961904	3.790308227284469	1.176412810219174e-4	7.443484690114046e-4	3.805048132574936e-4	5290/2932/1385/6093/4775/1432/1386/29110/1147/6667/10672/6654/5594/5291/6655/23365/2475/11214/3685/9475/3845/836/2773/1399/3716/5894/5747/8737/1499/6774/1398/5925/7248/4790/5532/5604/841/6198/9826/113/801/2776/4893/387/59345/4193/3710/2782/5530/1871/64764/2002/1230/2768/5534/3708/2885/55970/8503/3709/4773/109/5295/112/3554/115/5567/115004/5603/5734/5533/3690/2923/54331/1019/3570/163688/54205/355/207/567/1234/1021/5608/6890/23236/3579/10000/5578/3553/7188/5332/5156/7422/5579/3587/1232/5732/356/1956/2770/6891/9586/595/3576/7852/6387/5731/1870/6351/6347/7124/5733/5743/107/2786	116
Organismal Systems	Immune system	hsa04666	Fc gamma R-mediated phagocytosis	57/3703	99/9500	0.5757575757575758	1.4770988305959951	3.813757482323049	1.2802641367239758e-4	7.955927135356135e-4	4.0670044944802987e-4	5290/10097/5594/5291/50807/10096/1399/8853/5894/998/1398/5604/6198/8394/382/10163/1793/5788/653857/8503/5295/10109/1073/5581/2214/4651/5335/5337/2212/8613/4067/6850/4082/7410/3985/207/10000/5578/8936/5580/9846/5579/10451/5058/2215/124905743/3635/2209/10810/8395/5321/3055/2213/85477/273/283748/255189	57
Human Diseases	Infectious disease: parasitic	hsa05145	Toxoplasmosis	63/3703	112/9500	0.5625	1.4430866864704295	3.769860860819233	1.4708126627327683e-4	8.979698361947429e-4	4.5903479224716125e-4	1432/1147/3688/331/5594/7189/23118/836/2773/3716/329/5170/6774/5599/5601/6885/4790/841/51135/3312/6772/7099/3915/4615/3717/5294/3459/3949/3910/7097/23533/3655/3912/5603/330/54205/207/3305/1234/5608/3908/10000/3586/3111/3587/3122/3113/284217/3117/7042/240/3109/596/2770/4261/3909/959/3458/5602/7124/3593/3118/3918	63
Environmental Information Processing	Signal transduction	hsa04390	Hippo signaling pathway	83/3703	157/9500	0.5286624203821656	1.3562768008724206	3.5975624819961487	2.596433119125015e-4	0.001557859871475009	7.963651490601226e-4	2932/324/23291/55233/659/1739/9113/4087/5584/7003/329/7529/657/5501/7532/1499/64398/1495/92597/6788/5519/26524/10971/60485/7046/4086/122786/4089/1857/9231/5500/7534/5515/10413/10207/8945/5520/8994/7048/7855/8323/1741/7159/56288/4092/5516/154796/999/7976/4088/25937/330/23286/7479/353500/1740/8322/7474/6934/894/85407/84612/8321/7042/656/7472/29119/8313/166824/595/27113/6591/2736/51176/5054/2246/392255/7473/7475/7484/652/5522/658	83
Human Diseases	Cancer: specific types	hsa05222	Small cell lung cancer	53/3703	93/9500	0.5698924731182796	1.462051983425238	3.5786637223836224	3.10406068599755e-4	0.0018278510658536113	9.343824262833041e-4	5290/1147/3688/331/5291/51426/7189/3685/317/836/329/5747/5925/4790/9134/3915/5728/1871/2335/1017/3673/8503/1282/5295/6502/7187/3910/3655/3912/330/1019/54205/207/1021/3908/10000/7188/1030/1027/5915/284217/1286/596/595/3909/1870/10912/1287/1285/898/5743/3918/1288	53
Environmental Information Processing	Signal transduction	hsa04020	Calcium signaling pathway	126/3703	254/9500	0.49606299212598426	1.272643377044788	3.520051487066429	3.1514673549200197e-4	0.0018278510658536113	9.343824262833041e-4	4775/488/5257/490/90550/5256/5532/5255/5027/2321/113/801/2776/6546/57620/3710/5530/3791/818/493/5534/444/3708/56034/7416/552/3709/4773/219931/6786/109/2149/116443/1909/57105/401152/5335/7417/814/817/115/56413/5567/57118/5533/2911/5724/3269/4638/163688/10800/292/91807/3357/3082/2915/624/5159/80310/23236/5578/6262/5332/3363/1133/5156/7422/5579/5136/7419/340156/3274/775/1910/6547/51196/1139/1956/255231/2065/2252/7039/57172/55283/89832/9630/7852/5731/5350/2246/776/777/886/952/84812/1950/2247/8822/2260/489/100130933/2925/2064/2250/2903/148/4233/2263/5979/5137/7125/5737/1812/5733/136/4915/2066/2668/2904/6870/185/4916/107/1131/774/2255	126
Human Diseases	Cancer: specific types	hsa05220	Chronic myeloid leukemia	45/3703	77/9500	0.5844155844155844	1.4993108430861604	3.515895140719718	4.0525638097949225e-4	0.0023119544357518575	0.0011818520860316512	5290/5781/1147/6654/5594/5291/6655/51426/867/3845/1399/5894/673/1398/5925/4790/5604/25/7046/4893/4193/4089/1871/6464/7048/2885/8503/1488/5295/3066/2122/6777/4088/1019/207/861/1021/10000/9846/1027/7042/595/53358/1870/10912	45
Cellular Processes	Cell growth and death	hsa04114	Oocyte meiosis	74/3703	139/9500	0.5323741007194245	1.365799070168656	3.472186341591258	4.1671440726291675e-4	0.002338977640766049	0.0011956661261024264	9748/64682/1432/8243/5529/23291/5594/996/5527/9126/8697/7529/5501/7532/5528/5519/5532/5604/9134/113/801/10971/80315/6197/3710/5530/8454/22849/5500/7534/818/5515/1017/5534/8945/26271/3708/3709/285955/109/112/5516/4085/699/132864/817/115/5525/5567/5603/5533/6196/163688/6790/441273/442590/151648/983/891/9700/100505767/10734/3480/245711/9133/367/5347/995/441272/27127/27330/898/107/5241	74
Genetic Information Processing	Replication and repair	hsa03440	Homologous recombination	27/3703	41/9500	0.6585365853658537	1.6894673402580636	3.5358771210012434	4.398207328904049e-4	0.0024091754341869784	0.0012315506605493022	79184/11073/79728/4683/472/4361/675/10111/84142/580/7156/83990/6117/672/10714/51720/641/7516/5932/5892/8940/8438/50511/5888/25788/146956/5890	27
Human Diseases	Infectious disease: viral	hsa05160	Hepatitis C	83/3703	159/9500	0.5220125786163522	1.3392167153268553	3.4474126453101173	4.4306674651714545e-4	0.0024091754341869784	0.0012315506605493022	5290/2932/8554/29110/1147/6654/5594/5291/6655/7189/9451/440275/5610/317/3454/3845/836/1965/3716/5894/7529/7532/8737/1499/673/6774/5925/5519/4790/5604/841/10197/10971/6773/8837/6772/4893/6041/57506/4940/1871/27102/7534/100506658/9069/5515/1017/5520/49861/5465/2885/8503/23586/5295/7187/3949/7098/5516/4939/91543/1019/54205/355/207/1021/10000/4600/3627/7122/356/1956/3434/595/4938/51208/1870/1950/3458/4599/9076/7124/10686/5522	83
Organismal Systems	Nervous system	hsa04720	Long-term potentiation	40/3703	67/9500	0.5970149253731343	1.531634294097968	3.490114073418865	4.583537397420729e-4	0.0024539554066190976	0.001254441814030936	5908/2033/5594/3845/1387/5894/5501/673/5906/5532/5604/801/2776/4893/6197/3710/5530/5500/818/5534/3708/3709/814/817/5567/5533/2911/6196/163688/2915/23236/5578/5332/5579/775/2903/27330/2904/107/2891	40
Human Diseases	Cancer: specific types	hsa05213	Endometrial cancer	36/3703	59/9500	0.6101694915254238	1.5653821683747031	3.4815550277262055	4.8681019011010416e-4	0.0025668173660350945	0.0013121359191165488	5290/2932/324/6654/5594/5291/6655/51426/3845/5170/5894/1499/2309/673/1495/5604/4893/4292/5728/2002/2885/8503/5295/999/3611/207/10000/6934/29119/8313/1956/595/51176/10912/1950/2064	36
Environmental Information Processing	Signal transduction	hsa04064	NF-kappa B signaling pathway	58/3703	105/9500	0.5523809523809524	1.4171263968725487	3.4350105956410992	5.02439879050481e-4	0.0025713099692583436	0.001314432500921537	1147/257397/331/7189/1540/23118/23085/10892/472/329/8915/8737/1457/283106/6885/4790/51135/1459/114609/8837/7099/142/4615/7706/23586/7412/1896/7187/3554/5335/7128/10673/4067/6850/330/695/60401/8792/3553/3383/7188/5579/29760/5328/8740/596/3576/6387/6351/10912/959/8600/5588/7124/128178/5743/4050/6357	58
Organismal Systems	Immune system	hsa04625	C-type lectin receptor signaling pathway	58/3703	105/9500	0.5523809523809524	1.4171263968725487	3.4350105956410992	5.02439879050481e-4	0.0025713099692583436	0.001314432500921537	5290/4775/1432/5781/1147/5594/5291/23365/1540/868/3845/10892/5894/8915/5599/5601/4790/5532/841/801/6773/6772/4893/387/4193/3710/5530/5534/64581/3708/8503/3709/4773/5295/6850/5603/8844/5533/163688/207/93978/10000/3586/114548/22800/3553/5580/5058/2207/22808/30835/1959/6367/338339/5602/7124/3593/5743	58
Human Diseases	Infectious disease: viral	hsa05164	Influenza A	89/3703	173/9500	0.5144508670520231	1.3198172392638994	3.3928767436128466	5.276426239173494e-4	0.002661154103235327	0.0013603600830210836	3836/5290/7514/4928/29110/1147/2033/5594/5291/23633/103/5610/317/5611/3454/836/1965/3716/1387/5894/4790/5604/841/6773/51135/11100/6772/7099/6041/55916/57506/10241/4615/7706/4940/8766/3717/51284/3459/64135/3841/8797/8503/7416/23586/5295/7187/7098/3838/4939/91543/8795/1019/8480/54205/355/292/207/1021/8743/10000/5578/114548/3553/3383/4600/3111/5579/3122/3113/3117/3627/3552/100529063/3109/356/4261/4938/3576/6347/3458/4599/7124/7113/3593/56649/3118/402569/90865	89
Organismal Systems	Endocrine system	hsa04910	Insulin signaling pathway	73/3703	138/9500	0.5289855072463768	1.357105676165428	3.3772726873458847	5.806310103107254e-4	0.002886565594116178	0.0014755885825941744	5290/2932/122809/6654/5594/5291/6655/5576/2475/868/867/1977/3845/5257/5584/1399/5573/5170/5894/5501/5256/673/1398/7248/5599/5601/5255/5604/31/23265/6198/801/3632/2889/5565/4893/5562/5500/3643/2002/5571/5509/5770/3098/6464/5792/3099/2885/8503/5295/2308/57521/23433/5567/163688/5577/79660/207/10580/51422/10000/5140/5836/5563/3667/53358/2194/10891/8789/5602/2203/8471/5507	73
Environmental Information Processing	Signal transduction	hsa04150	mTOR signaling pathway	82/3703	158/9500	0.5189873417721519	1.3314555081921262	3.357747251499272	6.053902311847424e-4	0.002967264795102681	0.0015168413501886057	5290/2932/523/1147/6654/253260/51719/5594/5291/6655/6249/2475/96459/1977/3845/54468/9675/5170/5894/57600/153129/673/7248/79109/5604/9663/4040/528/6198/4893/5562/526/6197/81929/387/5728/1857/3643/8649/220441/1975/7855/8323/10325/2885/8503/5295/6502/55437/51382/9706/57521/51606/7976/92335/23175/6196/207/6446/7479/79899/2887/10000/5578/81617/8322/64798/7474/5579/58528/8321/5563/7472/3480/3667/534/7473/7475/27330/7484/7124/8140	82
Human Diseases	Cancer: specific types	hsa05214	Glioma	44/3703	76/9500	0.5789473684210527	1.4852822036186875	3.3946708581064966	6.196027353051052e-4	0.002994746553974675	0.0015308897992187542	5290/6654/5594/5291/6655/51426/2475/3845/5894/673/5925/5604/801/4893/5728/4193/1871/818/6464/2885/8503/5295/5335/814/817/57118/1019/163688/207/1021/5159/10000/5578/5156/5579/3480/1956/595/7039/53358/57172/1870/10912/1950	44
Organismal Systems	Environmental adaptation	hsa04710	Circadian rhythm	23/3703	34/9500	0.6764705882352942	1.7354767994154185	3.4335180562318137	6.596379311710952e-4	0.003144575343117002	0.0016074810435171606	1385/9575/23291/9975/1407/406/5565/6095/5562/26224/8454/5571/8945/8864/8863/51422/6096/8553/5563/9572/79365/4783/4862	23
Genetic Information Processing	Information processing in viruses	hsa03250	Viral life cycle - HIV-1	38/3703	64/9500	0.59375	1.5232581690521199	3.3568055749448	7.3315361404164e-4	0.0034478034822498743	0.001762488773442918	904/5903/27125/7514/9972/2033/9525/10015/11052/905/10955/8850/23534/1387/256987/23299/79869/25939/22936/636/7251/85363/29969/4131/5901/4130/11168/4300/1234/920/4600/140564/80237/9582/7852/4599/200315/100913187	38
Human Diseases	Endocrine and metabolic disease	hsa04931	Insulin resistance	59/3703	109/9500	0.5412844036697247	1.3886583404975386	3.26166587866291	8.98500620777908e-4	0.004169042880409493	0.0021311804198100555	5290/2932/1385/5781/5291/2475/10724/5170/5501/6774/5599/5601/2673/4790/6198/5565/5562/6197/8473/5728/64764/5500/3643/5571/5509/1374/5770/6945/5792/5465/8503/5295/5581/9882/2308/22877/133522/6196/79660/207/51422/10000/9945/5580/5836/5579/5563/6513/9586/3667/10891/11001/27330/5602/5588/7124/948/5507/51085	59
Organismal Systems	Immune system	hsa04621	NOD-like receptor signaling pathway	95/3703	189/9500	0.5026455026455027	1.2895307251234878	3.2132280275380163	9.55151384051193e-4	0.0043735879164449355	0.002235742159344205	1432/29110/1147/257397/55669/331/5594/5586/7189/79184/10059/54822/23118/55914/140609/3454/7158/3716/329/24145/90550/8737/5599/5601/6885/4790/841/5027/6773/51135/6772/7099/6041/56919/9140/57506/387/3320/3710/10010/22900/4615/81631/4940/9927/9474/1536/3326/55054/84168/3708/118429/10135/7416/4671/3709/84674/7187/10392/58484/7417/4939/7128/115361/23710/5603/330/8767/2633/1508/3428/4210/23236/114548/115362/3553/7188/5332/5580/64127/7419/91662/10628/596/838/2635/4938/388646/2634/3576/6347/9447/5602/7124/199713	95
Environmental Information Processing	Signaling molecules and interaction	hsa04514	Cell adhesion molecule (CAM) interaction	82/3703	160/9500	0.5125	1.3148123143397246	3.2096111123824986	9.940334437268125e-4	0.004492514784635465	0.002296536595896532	3688/3685/3676/2734/100506658/9069/941/1462/5788/49861/4756/5792/83700/7412/80380/5797/942/29126/999/10666/3684/965/25945/3655/5802/8516/8506/5175/940/5789/3680/23705/64101/920/6693/1000/3383/214/3111/1003/3695/1272/3122/3113/4897/3117/5818/29851/6614/1525/139065/7122/3109/3683/3696/9369/51208/6401/3385/57502/257194/201633/4685/6402/6383/26047/959/23114/84631/1493/9076/3897/925/914/4684/10686/57689/3118/9378/22871/26050/84189	82
Organismal Systems	Immune system	hsa04664	Fc epsilon RI signaling pathway	40/3703	69/9500	0.5797101449275363	1.4872390971675922	3.2463994223520465	0.0010410339554005436	0.004644613031787041	0.00237428796845738	5290/1432/6654/5594/5291/6655/3845/5170/5894/5599/5601/5604/4893/6416/2885/8503/5295/3937/5335/4067/6850/5603/7410/695/207/5608/10000/5578/9846/10451/241/2207/3635/240/5321/2206/5602/7124/283748/255189	40
Human Diseases	Infectious disease: bacterial	hsa05100	Bacterial invasion of epithelial cells	44/3703	78/9500	0.5641025641025641	1.4471980445515418	3.169492999866931	0.0013013123920656033	0.005732363448592784	0.0029303370320997594	5290/10097/3688/5291/4735/23607/1213/867/10096/1399/8976/7414/5747/998/1499/63916/2549/1495/1398/55752/10163/387/23176/2335/1793/6464/653857/8503/5295/10109/999/3611/23157/3678/9844/26084/26052/8936/79658/29119/53358/8218/55964/4233	44
Metabolism	Nucleotide metabolism	hsa00230	Purine metabolism	67/3703	128/9500	0.5234375	1.3428723332433163	3.1212994608938898	0.0013778650054865795	0.00599371277386662	0.003063936656937262	55276/8833/50484/6240/5471/2618/1633/10201/22978/144811/113/159/272/5151/9583/58497/5631/93034/5634/10606/2983/957/22875/50808/221264/109/112/4907/953/5144/2977/158/2982/132/124583/5139/131870/115/10846/5198/29922/9061/8654/6241/5150/3251/9060/4860/4882/205/51816/5236/5140/30833/5136/5167/27115/5142/4832/122481/55811/956/5169/5137/50940/7498/107	67
Environmental Information Processing	Signal transduction	hsa04022	cGMP-PKG signaling pathway	84/3703	166/9500	0.5060240963855421	1.2981984649372535	3.097702447467074	0.0014210594603047053	0.00610529249612392	0.0031209752929369093	1385/6093/4659/4775/1386/10672/488/5594/9475/2969/2773/490/4205/5894/5501/5532/5604/476/113/801/2776/6546/387/3710/5530/64764/5500/3643/5294/5592/493/2768/5534/2983/3708/7416/3709/4773/109/112/5581/2977/1909/2982/7417/5139/115/23533/4208/8654/5533/5593/10335/4638/163688/7225/292/207/91807/624/4882/23236/10000/5140/5332/7419/340156/775/1910/6547/481/140/2770/9586/3667/3778/5350/776/489/148/8471/185/107/480	84
Organismal Systems	Endocrine system	hsa04921	Oxytocin signaling pathway	79/3703	155/9500	0.5096774193548387	1.3075710191387977	3.085572516627518	0.0014940110300251748	0.006340437054253181	0.003241179256408916	6093/4659/4775/5594/9475/3845/2773/5894/5501/5532/5604/113/801/2776/29904/5565/4893/5562/387/3710/5530/5500/5294/818/2002/5571/10645/4660/5534/2983/3708/3709/4773/109/112/3759/2977/781/2982/814/817/115/23533/4208/5567/57118/5533/4638/163688/91807/51422/4882/23236/5578/6262/5332/5579/3762/340156/775/785/5563/1956/2770/5321/595/57172/3763/776/27091/952/5020/783/283748/5743/9254/255189/107/3760	79
Human Diseases	Cancer: overview	hsa05203	Viral carcinogenesis	101/3703	205/9500	0.4926829268292683	1.2639718619708475	3.0536834753111552	0.0015820771011248482	0.00663328712278852	0.0033908818020304287	1654/5290/1385/2957/5966/1386/23352/2033/5594/5291/1739/3516/7337/7874/5610/3845/836/2960/5934/3190/8850/3716/2965/1387/2967/7529/998/7532/5700/1642/6774/5925/4790/841/9134/5933/5922/10971/4893/387/728340/4193/1237/64764/7534/22938/1017/6672/2959/9759/2885/8503/6908/5295/6502/7187/3066/9093/1111/890/1233/5567/6777/4067/3572/6850/9519/1019/9734/1234/1021/87/121504/8344/983/245972/7188/1030/1027/1232/894/7419/5366/8343/2966/9586/595/8362/85477/8349/8347/8365/1959/8341/8340/8970/8370/440689/8339/898/128312	101
Organismal Systems	Endocrine system	hsa04919	Thyroid hormone signaling pathway	64/3703	122/9500	0.5245901639344263	1.345829478092641	3.0725641576172484	0.0016230502483269378	0.006724065314497314	0.0034372868667575497	9282/5290/2932/9969/8202/2033/488/5594/5291/10499/4853/2475/25942/3685/8648/3845/9968/8850/1387/5170/5894/1499/23389/5469/5604/476/9611/6772/4893/3091/4193/5208/8503/5295/3066/9882/2308/5335/116931/10231/5567/3690/1734/6567/207/7068/23236/10000/5578/5332/5213/5579/481/117247/51196/6513/595/53919/5350/84812/489/2099/652/480	64
Human Diseases	Infectious disease: bacterial	hsa05130	Pathogenic Escherichia coli infection	100/3703	203/9500	0.49261083743842365	1.2637869175438898	3.03629529187912	0.0016740641324540881	0.006853815506988502	0.00350361409764385	10787/10802/10097/5062/6093/1432/10427/5781/1147/10672/257397/3688/5594/7189/23365/4644/9475/23118/10096/9871/10006/836/8976/7082/9632/998/23191/8737/10972/5861/4430/4690/5599/5601/6885/4790/841/4646/9826/25/51135/114609/7099/382/10163/147179/4628/387/4615/7009/4643/4645/4642/100506658/9069/840/2768/84790/49861/10376/8797/653857/4627/4671/55930/7456/10109/4691/2149/3554/3071/4651/2212/2846/5603/8795/7100/1902/54205/355/57121/26999/7430/81027/8743/8936/114548/3553/9265/5058/10810/5063/7122/356/51208/3576/5602/9076/7124/10686	100
Organismal Systems	Aging	hsa04213	Longevity regulating pathway - multiple species	36/3703	62/9500	0.5806451612903226	1.4896378699049595	3.091327432592832	0.0017543981859027813	0.0070991926592345106	0.003629048879040025	5290/5291/2475/1979/3845/23411/2309/6198/113/3312/5565/4893/5562/9474/3643/5571/847/81570/8503/109/5295/112/3066/2308/57521/115/5567/207/3305/51422/10000/5563/3480/3667/8471/107	36
Human Diseases	Infectious disease: parasitic	hsa05140	Leishmaniasis	44/3703	79/9500	0.5569620253164557	1.4288790819622816	3.059243584898997	0.0018409888892947609	0.0073639555571790435	0.0037643934941417366	1432/3688/5594/7189/23118/3716/3676/6885/4790/51135/6772/7099/4615/1536/3717/2002/3459/2214/4688/2212/7097/3684/5603/1915/3586/3553/3111/5579/3122/3113/3117/2215/124905743/3552/2209/7042/1378/3109/1379/3458/7124/3593/5743/3118	44
Genetic Information Processing	Translation	hsa03015	mRNA surveillance pathway	55/3703	103/9500	0.5339805825242718	1.3699204790657797	3.0168000280763847	0.0019937205614049616	0.007775903325941884	0.003974977804247363	23049/53981/10914/5529/4686/8731/11051/64895/2935/2107/11052/5527/9887/80335/8732/51585/26019/5501/10250/10767/5528/5519/23293/2733/55339/1478/79869/5523/1479/81608/55916/1477/5500/22916/5411/5515/23283/5520/51692/22794/53918/55012/10978/132430/124540/5516/5042/5525/26986/7919/140886/100529063/392517/23708/5522	55
Organismal Systems	Aging	hsa04211	Longevity regulating pathway	49/3703	90/9500	0.5444444444444444	1.3967653854232303	3.022556091796287	0.002009896810404715	0.007775903325941884	0.003974977804247363	5290/1385/1386/5291/2475/26060/1977/3845/9821/23411/2309/7248/4790/6198/113/5565/4893/5562/9776/51094/64764/9474/3643/5571/10645/847/79813/8503/109/5295/112/79602/2308/57521/814/115/5567/207/51422/143686/9365/10000/5563/3480/9586/3667/10891/8471/107	49
Cellular Processes	Cell growth and death	hsa04115	p53 signaling pathway	42/3703	75/9500	0.56	1.4366729678638943	3.03431322381257	0.002011009480847039	0.007775903325941884	0.003974977804247363	545/317/836/472/25898/50484/841/9134/64393/8493/5728/4193/7057/1017/92344/900/64326/8797/901/4194/1111/9538/8795/6241/1019/54205/355/1021/143686/983/891/894/5366/51512/596/9133/64065/595/27113/5054/10912/898	42
Metabolism	Amino acid metabolism	hsa00280	Valine, leucine and isoleucine degradation	29/3703	48/9500	0.6041666666666666	1.54998199657935	3.0529619048926024	0.002097674394374325	0.008021875705958957	0.0041007168611828905	1629/4594/3157/1738/223/3032/11112/594/34/586/1962/4329/56922/5095/219/3030/5096/26275/5019/549/39/64087/65985/224/36/38/316/64902/18	29
Organismal Systems	Endocrine system	hsa04917	Prolactin signaling pathway	40/3703	71/9500	0.5633802816901409	1.4453450380924489	3.010281600181955	0.0021908452303898342	0.008106308055410726	0.004143877983558417	5290/2932/1432/122809/6654/5594/5291/6655/3845/5894/9655/9306/2309/6774/5599/5601/4790/5604/6772/4893/3717/6464/30837/5618/2885/8503/5295/6777/5603/207/10000/8792/894/595/2100/53358/8600/5602/2099/1081	40
Human Diseases	Drug resistance: antineoplastic	hsa01522	Endocrine resistance	53/3703	99/9500	0.5353535353535354	1.3734427723085567	2.98516801085443	0.0022145158709664485	0.008106308055410726	0.004143877983558417	5290/1432/8202/6667/6654/5594/5291/6655/4853/2475/3845/5894/5747/673/5925/5599/5601/5469/5604/9611/6198/113/4893/4193/1871/10498/6464/2885/8503/109/5295/112/115/182/5567/5603/1019/207/10000/1027/3480/596/1956/595/2100/53358/1870/8647/2064/5602/2099/107/4318	53
Human Diseases	Cardiovascular disease	hsa05410	Hypertrophic cardiomyopathy	53/3703	99/9500	0.5353535353535354	1.3734427723085567	2.98516801085443	0.0022145158709664485	0.008106308055410726	0.004143877983558417	3688/488/3685/6645/3676/1605/6546/5565/3672/5562/7170/5571/7171/3673/6443/6641/781/7273/3655/8082/3690/8516/3678/3680/51422/6444/3908/6262/7168/1756/22801/1636/3695/284217/775/7042/785/5563/6547/3696/1837/3694/8910/7169/776/27091/489/783/7124/7137/9254/6445/1674	53
Organismal Systems	Immune system	hsa04062	Chemokine signaling pathway	95/3703	193/9500	0.49222797927461137	1.2628046997323275	2.9479565262738667	0.0022213992498211427	0.008106308055410726	0.004143877983558417	5290/2932/6093/1147/5908/6654/5594/5291/6655/9475/3845/2773/1399/5894/5747/998/2309/673/6774/5906/1398/4790/5604/113/6773/2776/6772/4893/387/59345/2782/1237/3717/5294/1230/157/6464/2885/55970/8503/1794/109/5295/112/56288/5335/1233/115/23533/5567/6777/7074/4067/54331/7410/207/9844/1234/23236/3579/10000/408/5332/729230/5580/5579/10663/1232/10451/5058/3627/3702/6373/6355/4283/2770/10803/3055/53358/3576/7852/6387/6351/1524/6347/2829/6367/57580/3577/6354/6364/6362/6357/107/2786	95
Human Diseases	Cancer: specific types	hsa05226	Gastric cancer	76/3703	150/9500	0.5066666666666667	1.2998469709244758	2.958377833087767	0.0022362229118374414	0.008106308055410726	0.004143877983558417	5290/2932/324/6654/5594/5291/6655/51426/2475/1452/3845/4087/5894/1499/673/2549/1495/5925/5604/4040/9134/6198/7046/4893/4292/4089/1857/1871/1017/6464/7048/7855/8323/2885/8503/5295/999/7976/4088/207/7479/3082/10000/1030/8322/7474/6934/1027/5915/8321/7042/5243/7472/29119/596/8313/1956/2252/595/53358/51176/1870/2246/10912/1950/2247/8822/7473/2064/2250/7475/4233/7484/2263/898/2255	76
Human Diseases	Infectious disease: viral	hsa05170	Human immunodeficiency virus 1 infection	104/3703	214/9500	0.48598130841121495	1.2467789440741406	2.9181982878043304	0.0023982041552602354	0.008603866453923319	0.004398225743233638	545/5290/5062/8450/164/4775/1432/29110/1147/23291/8065/9730/5594/5291/7189/2475/23118/3845/836/2773/1399/472/5894/5747/8737/1642/1398/5599/5601/8451/6885/4790/5532/5604/841/6198/8905/801/51135/2776/7099/4893/59345/3710/2782/4615/5530/25939/8454/7465/5534/8945/3708/85363/55970/8503/3709/4773/5295/1073/5335/1111/7097/115004/5603/5533/2923/54331/163688/54205/3985/355/207/85417/567/1234/5608/920/6890/983/10000/5578/891/130340/7188/5579/5058/917/5063/140564/356/596/9133/2770/6891/9582/494551/7852/995/5602/7124/200315/100913187/2786	104
Human Diseases	Infectious disease: viral	hsa05169	Epstein-Barr virus infection	100/3703	205/9500	0.4878048780487805	1.251457289080047	2.9089121949485732	0.002481992219780779	0.00881360502534399	0.004505442375327085	5290/1432/29110/1147/5291/51426/7189/5707/3516/7874/25942/23118/5610/317/3454/836/3716/8737/5700/4734/6774/5925/5599/5601/6885/79685/10018/4790/841/9134/5713/6773/51135/5718/5706/6772/57506/10213/4193/4615/5701/4940/1871/9861/22938/1017/5717/5708/6416/8503/23586/5295/6502/7187/3066/953/4939/890/7128/7097/4067/965/6850/5603/2923/1019/695/54205/355/207/567/1021/5608/960/6890/10000/3383/7188/3111/1027/3122/894/3113/29760/3117/3627/917/3109/3683/596/6891/595/4938/1870/10912/956/5602/7124/898/3118	100
Environmental Information Processing	Signal transduction	hsa04024	cAMP signaling pathway	109/3703	226/9500	0.4823008849557522	1.2373368639156483	2.8860245621029135	0.002625451122799269	0.009228858492264097	0.004717716531133189	5290/1385/6093/4659/5908/2033/488/5594/5291/9475/2773/490/1387/5894/51/5501/673/5906/5599/5601/4790/5604/476/113/801/387/56670/64764/5500/818/493/4301/5465/3351/8503/10257/109/5295/112/2149/116443/5144/1909/3355/11149/5337/814/5139/817/115/10846/5567/7074/11069/7410/163688/5727/207/2737/54714/10000/6262/22800/5140/10451/5058/2892/775/481/5732/8843/5142/51196/64399/2770/9586/55811/10021/27198/5350/776/1261/5020/5443/489/2903/2867/5602/7253/3352/1260/1812/5733/1080/2904/117/7137/610/64208/2740/627/6752/107/480/3776/1908/1081/9568/2891	109
Cellular Processes	Cellular community - eukaryotes	hsa04550	Signaling pathways regulating pluripotency of stem cells	73/3703	144/9500	0.5069444444444444	1.3005596063252016	2.9045636795250678	0.002651994335318619	0.009228940286908795	0.004717758343882596	55183/5290/2932/5978/324/1432/5594/5291/659/56916/4090/3845/4087/84333/3716/463/5894/9869/7994/657/6498/1499/6774/90/5604/3720/4086/4893/3624/84108/4089/1857/93/3717/92/7855/8323/2885/91/8503/5295/7976/3572/4088/5603/3977/4093/207/648/7479/10000/8322/7474/8321/4838/7472/3480/8313/3198/3626/130399/9314/2247/2260/7473/7475/7484/2263/3175/5080/5013/652/658	73
Organismal Systems	Nervous system	hsa04728	Dopaminergic synapse	68/3703	133/9500	0.5112781954887218	1.3116777902087111	2.8929808983221457	0.002781866160149003	0.009585043799325278	0.0048997955296006404	2932/1385/3799/9575/1432/1386/5529/5527/2773/5501/5528/5599/5601/5519/5532/406/801/2776/5523/59345/3710/2782/5530/64764/5500/818/5515/5520/3708/55970/55012/3709/6571/5516/817/5525/5567/5603/5533/54331/163688/207/23236/10000/5578/408/5332/5579/3762/2892/775/2770/9586/3800/3763/776/1815/2903/3798/5602/1812/2904/4128/5522/2786/774/3760/2891	68
Organismal Systems	Endocrine system	hsa04935	Growth hormone synthesis, secretion and action	63/3703	122/9500	0.5163934426229508	1.3248008924974435	2.8857331253364142	0.002884242936276414	0.009840358253178354	0.005030310177819545	5290/2932/1385/1432/1386/6654/2033/5594/5291/6655/2475/3845/2773/1399/1387/5894/5747/6774/1398/5599/5601/5604/113/2776/6772/4893/3710/64764/3717/6464/6416/3708/2885/4214/8503/3709/109/5295/112/5335/115/5567/6777/5603/207/5608/23236/10000/5578/5332/2690/5579/775/2770/9586/3667/53358/55811/776/5602/8471/6752/107	63
Genetic Information Processing	Replication and repair	hsa03460	Fanconi anemia pathway	32/3703	55/9500	0.5818181818181818	1.4926472393391108	2.9284011367015688	0.0029678540728937065	0.010027312789970969	0.005125879798865983	545/51426/5980/2072/5395/79728/57599/57697/51455/80010/675/7398/22909/5429/4292/84464/2187/2177/7156/55215/83990/6117/672/641/2176/2188/11201/2175/55120/8940/5888/146956	32
Cellular Processes	Cellular community - eukaryotes	hsa04530	Tight junction	84/3703	170/9500	0.49411764705882355	1.267652618703436	2.8142928372980087	0.003386034866026347	0.011222286984544465	0.0057367407755233345	10097/6093/3688/9693/1739/9475/10096/5584/51762/7082/998/5962/64398/4734/5906/5599/5601/5519/57826/8777/4218/5565/5562/55114/4628/387/100506658/9069/5515/3308/5571/10207/153562/9414/5520/123720/84790/49861/4301/51735/10376/83700/4217/154810/1741/4214/653857/4627/10109/5581/4478/56288/5516/154796/11149/9223/5567/7074/5111/1019/54566/861/51421/51422/87/7430/1740/23327/84612/5563/7122/84952/595/51208/57530/776/2064/150084/5602/9076/1080/10686/5522/909	84
Human Diseases	Cancer: specific types	hsa05225	Hepatocellular carcinoma	84/3703	170/9500	0.49411764705882355	1.267652618703436	2.8142928372980087	0.003386034866026347	0.011222286984544465	0.0057367407755233345	5290/2932/324/6654/196528/5594/5291/6655/51426/55193/2475/1452/57492/3845/4087/6599/7296/5894/4780/1499/673/2549/5925/8289/6601/5604/4040/6198/86/6595/7046/4893/6602/5728/29117/4089/1857/1871/2002/55274/6464/7048/7855/8323/2885/8503/5295/5335/114112/7976/4088/1019/207/7479/1021/3082/6605/10000/5578/8322/7474/6934/5579/8321/7042/7472/3480/8313/1956/595/7039/53358/3481/51176/1728/1870/10912/7473/7475/4233/7484/4257/2940/2939	84
Organismal Systems	Nervous system	hsa04730	Long-term depression	34/3703	60/9500	0.5666666666666667	1.4537762174813214	2.818029326508596	0.00402805680652006	0.013145874699586769	0.0067200629892019475	10672/5594/3845/2773/5894/673/5519/5604/2776/4893/3710/5592/5515/2768/2983/3708/3709/2977/5516/2982/4067/2911/5593/23236/5578/5332/5579/2892/3480/2770/5321/283748/255189/2891	34
Environmental Information Processing	Signal transduction	hsa04066	HIF-1 signaling pathway	57/3703	110/9500	0.5181818181818182	1.3293889475363956	2.777069308067067	0.004041978715102828	0.013145874699586769	0.0067200629892019475	5290/2033/5594/5291/2475/8453/405/1977/1387/6774/4790/5604/7037/6198/2321/7099/3091/5230/3939/1536/3643/818/160287/3459/3098/285/5163/3099/8503/5295/54583/5335/817/2034/284/7010/5209/3570/207/10000/5578/92483/5213/7422/5579/1027/3480/6513/596/1956/5054/112399/1950/229/2064/3458/112398	57
Human Diseases	Infectious disease: viral	hsa05166	Human T-cell leukemia virus 1 infection	107/3703	224/9500	0.47767857142857145	1.2254783766058408	2.7293717252807363	0.004181477659896066	0.01347365023744288	0.006887619147392155	545/5290/1385/64682/4775/7514/1386/1147/2033/331/5594/5291/996/1739/2005/8295/821/3845/4087/8697/472/8850/3716/1387/7094/5925/5599/5601/64784/4790/5532/5604/9134/113/7046/4893/4801/5728/5530/4089/1871/64764/8829/4215/2002/1017/701/5534/6416/7048/9184/4214/8503/6908/7416/4773/2113/109/5295/112/3554/83660/4085/7417/1111/5901/890/115/10524/5567/6777/4088/5533/9519/1019/292/207/567/920/10000/9700/3383/3600/1030/3111/3122/894/3113/3559/3117/3560/7419/917/7042/3109/3683/6513/9133/9586/595/1870/1959/5602/7124/898/3118/107	107
Human Diseases	Cancer: specific types	hsa05218	Melanoma	40/3703	73/9500	0.547945205479452	1.405746543898135	2.781273228376371	0.004302852121880737	0.013737546223986204	0.007022520604518054	5290/5594/5291/51426/3845/5894/673/5925/5604/4893/5728/4193/4286/1871/8503/56034/5295/999/1019/207/1021/3082/5159/80310/10000/5156/3480/1956/2252/595/1870/2246/10912/1950/2247/8822/2260/2250/4233/2255	40
Human Diseases	Cancer: overview	hsa05230	Central carbon metabolism in cancer	39/3703	71/9500	0.5492957746478874	1.4092114121401376	2.7660386423665817	0.004519367408380776	0.014297635073786456	0.007308833416424413	5290/5594/5291/2475/3845/5894/5604/4893/3091/5728/57103/3939/2744/160287/5223/3417/3098/5163/3099/8503/5295/207/5159/10000/92483/5213/5156/441531/6513/1956/2260/2064/2322/4233/3815/2263/5979/8140/4916	39
Cellular Processes	Transport and catabolism	hsa04142	Lysosome	67/3703	133/9500	0.5037593984962406	1.292388410940936	2.713937644310378	0.004699777164318166	0.014734436515159656	0.007532122719485728	23335/164/23431/1657/26985/23312/3920/950/79158/3482/4864/2799/1213/8546/411/4074/23545/256471/4891/3423/6272/8905/3988/2720/1200/2581/9583/26503/4668/8763/1519/23062/4126/5660/1520/9516/2760/3074/5538/2629/10947/138050/175/51606/9741/11154/427/1508/5641/1514/1176/135112/2517/7805/57707/245972/130340/22901/1075/1513/1201/55353/27074/8218/50617/1510/58511	67
Organismal Systems	Endocrine system	hsa04912	GnRH signaling pathway	49/3703	93/9500	0.5268817204301075	1.351708437506352	2.7240359771420914	0.004843592860899413	0.015022851115482641	0.007679557890249747	10746/1432/6654/5594/6655/3845/5894/998/5599/5601/5604/113/801/2776/4893/4216/3710/4215/818/2002/6416/3708/2885/4214/3709/109/112/5337/2798/817/115/5567/5603/163688/5608/23236/5578/5332/5580/5579/775/1956/5321/776/5602/283748/255189/107/1081	49
Human Diseases	Infectious disease: parasitic	hsa05144	Malaria	29/3703	50/9500	0.58	1.487982716716176	2.764952584545604	0.0048781097012917775	0.015022851115482641	0.007679557890249747	7099/4615/7057/7058/7412/7097/5175/3082/4035/3586/3553/3383/7042/1378/3683/6401/1379/3576/6347/6383/959/22914/100528032/3458/4233/3040/7124/948/7060	29
Environmental Information Processing	Signal transduction	hsa04371	Apelin signaling pathway	70/3703	140/9500	0.5	1.2827437213070483	2.6936006784992346	0.004941116323538761	0.015083407724486743	0.007710513930545249	30849/10672/5594/2475/7019/3845/4087/2773/5289/4205/5894/5604/6198/113/801/2776/7046/6546/5565/4893/5562/59345/3710/2782/81631/4089/5294/5571/8678/3708/9759/55970/3709/109/112/5581/999/814/115/23533/4208/182/5567/4088/54331/4638/163688/207/91807/51422/23236/10000/6262/22800/5140/5332/340156/5563/22808/6547/6696/2770/595/55811/5054/10891/100506013/185/107/2786	70
Organismal Systems	Endocrine system	hsa04914	Progesterone-mediated oocyte maturation	57/3703	111/9500	0.5135135135135135	1.317412470531563	2.6883756610116105	0.005199293488397576	0.015733514208368316	0.008042843016377027	5290/64682/1432/5594/5291/996/3845/8697/2773/5894/673/5599/5601/5604/113/80315/6197/3320/22849/1017/3326/8503/285955/109/5295/112/4085/699/890/132864/115/5567/5603/6793/6196/6790/441273/442590/207/85417/983/10000/891/5140/100505767/993/3480/245711/9133/2770/5347/995/441272/27330/5602/107/5241	57
Genetic Information Processing	Transcription	hsa03022	Basal transcription factors	26/3703	44/9500	0.5909090909090909	1.5159698524537846	2.7416441376626217	0.005362015610413286	0.016086046831239858	0.008223054792739068	2957/6872/6873/2969/2960/2965/2967/51616/129685/6874/27097/83860/728340/2071/6877/2959/6879/6908/6884/4331/1022/6878/9519/6875/138474/2966	26
Metabolism	Amino acid metabolism	hsa00310	Lysine degradation	35/3703	63/9500	0.5555555555555556	1.4252708014522761	2.706655685278699	0.005474303540432816	0.01620365356662817	0.008283174388264248	64324/29072/55870/4297/80854/55904/7799/58508/8085/51111/9869/55217/23067/55526/1738/223/1743/7468/83852/79813/1962/79723/54904/2122/219/3030/5352/39/224/38/10157/2146/51268/93166/51166	35
Organismal Systems	Immune system	hsa04659	Th17 cell differentiation	56/3703	109/9500	0.5137614678899083	1.3180485943705451	2.66910069828201	0.005504770122602977	0.01620365356662817	0.008283174388264248	4775/1432/1147/5594/2475/4087/3716/6774/5599/5601/4790/5532/7046/6772/6095/3091/3320/5530/4089/3556/3717/3459/3326/5534/7048/4773/3554/5335/6777/3572/4088/5603/5533/3570/861/196/920/3553/3111/3122/3113/3559/3117/3560/50615/917/149233/3109/50943/3662/59067/3458/5602/5588/3118/2625	56
Metabolism	Glycan biosynthesis and metabolism	hsa00534	Glycosaminoglycan biosynthesis - heparan sulfate / heparin	16/3703	24/9500	0.6666666666666666	1.710324961742731	2.7846096325409864	0.0055409045242205525	0.01620365356662817	0.008283174388264248	9653/2132/2135/3340/2131/64131/26035/9953/2137/8509/9955/90161/9956/266722/9348/64579	16
Metabolism	Glycan biosynthesis and metabolism	hsa00512	Mucin type O-glycan biosynthesis	22/3703	36/9500	0.6111111111111112	1.5677978815975036	2.72785826990709	0.005843842937302152	0.01693661719415081	0.008657859364221074	2589/9334/8693/29071/51809/6482/56913/63917/2590/2650/55568/256435/51301/2591/11227/117248/10610/79695/114805/9245/11226/10331	22
Metabolism	Carbohydrate metabolism	hsa00640	Propanoate metabolism	20/3703	32/9500	0.625	1.6034296516338105	2.732666678583319	0.005937549705995399	0.01693661719415081	0.008657859364221074	1629/4594/51/8803/31/1738/3939/8801/160287/594/1962/4329/5095/3030/5096/26275/92483/55862/79611/18	20
Cellular Processes	Transport and catabolism	hsa04136	Autophagy - other	20/3703	32/9500	0.625	1.6034296516338105	2.732666678583319	0.005937549705995399	0.01693661719415081	0.008657859364221074	30849/55102/2475/5289/115201/84938/79065/10533/9140/9776/9474/5515/8678/64422/55054/55062/5516/9706/57521/23710	20
Human Diseases	Cardiovascular disease	hsa05414	Dilated cardiomyopathy	54/3703	105/9500	0.5142857142857142	1.3193935419158211	2.6301864587951407	0.0061714671445352726	0.01746073631136809	0.00892578474477074	3688/488/3685/6645/3676/1605/113/6546/3672/7170/7171/3673/109/112/6443/6641/781/7273/115/5567/3655/8082/3690/8516/3678/3680/6444/3908/6262/7168/1756/22801/3695/284217/775/7042/785/6547/3696/1837/3694/8910/5350/7169/776/27091/489/783/7124/7137/9254/107/6445/1674	54
Human Diseases	Infectious disease: parasitic	hsa05142	Chagas disease	53/3703	103/9500	0.5145631067961165	1.3201051889179332	2.6105430695641387	0.006534976335161134	0.018273893193839385	0.009341463852870102	5290/1432/1147/5594/5291/7189/4087/2773/5599/5601/5519/4790/841/51135/2776/8837/7046/7099/4615/5515/3459/5520/6416/7048/8503/5295/5516/10333/7097/5603/355/207/624/23236/10000/3586/3553/5332/1636/917/7042/356/2770/3576/9630/5054/6347/3458/5602/7124/3593/107/5522	53
Metabolism	Lipid metabolism	hsa00600	Sphingolipid metabolism	31/3703	55/9500	0.5636363636363636	1.4460020131097635	2.6511318807224495	0.006563898417327366	0.018273893193839385	0.009341463852870102	253782/8879/10558/259230/142891/2531/166929/2720/340485/9334/9517/2581/10825/29956/9331/81537/5660/55331/2760/3074/2629/56624/8613/427/64781/8560/7357/130367/55304/10715/55512	31
Human Diseases	Endocrine and metabolic disease	hsa04936	Alcoholic liver disease	71/3703	144/9500	0.4930555555555556	1.264927836288895	2.560223512361465	0.007129502517253085	0.019691006952413284	0.010065880746998924	2932/1432/29110/1147/257397/7189/23118/836/23411/51/6434/8737/1499/2309/5599/5601/6885/4790/9663/841/31/51135/114609/7099/5565/23765/5562/223/4615/51094/128/5571/10645/1374/34/6416/5465/4217/719/7187/79602/219/2308/727/5603/23175/6319/728/355/207/51422/5608/224/50507/10000/3553/6934/5563/356/595/3576/51176/2194/10891/5602/7124/79966/720/110384692/3593/721	71
Cellular Processes	Cell motility	hsa04814	Motor proteins	94/3703	197/9500	0.47715736040609136	1.2241412162727163	2.540723921127445	0.00721739110769935	0.019776788232121055	0.010109731431423043	3799/1778/3796/4649/23095/4644/829/55605/1783/84516/830/9585/9371/51164/1781/4430/4646/11127/63971/22920/6990/84376/4628/55582/7170/4643/79659/347240/4645/1062/4642/399687/55860/81930/7171/51143/83544/3832/55614/1639/84790/10376/4627/9928/196385/55930/9493/51174/56992/4651/140735/285643/24137/51175/51626/80179/56171/57519/10112/23303/55083/81027/7168/23046/1767/3797/127602/79819/221458/126820/1769/3800/11004/8735/7169/4647/4620/4622/55567/8701/1780/7140/140469/4626/4619/146909/3798/7136/7125/201625/23026/7137/53904/547	94
Organismal Systems	Endocrine system	hsa04928	Parathyroid hormone synthesis, secretion and action	58/3703	115/9500	0.5043478260869565	1.2938980145358052	2.534209902059185	0.00790287033030962	0.021409191015035314	0.010944202303511702	1385/1386/6667/10672/5594/65125/9943/11214/2773/4205/5894/673/5604/4040/9826/113/2776/387/3710/64764/2768/3708/3709/109/112/7421/5144/5337/115/4208/5567/632/27347/860/6446/9365/23236/5578/408/10893/9935/5332/5579/4325/5142/596/1956/2770/9586/4929/65267/4322/2260/8600/1594/6559/107/2625	58
Human Diseases	Drug resistance: antineoplastic	hsa01524	Platinum drug resistance	40/3703	75/9500	0.5333333333333333	1.368259969394185	2.5589312303890384	0.007936165634883781	0.021409191015035314	0.010944202303511702	5290/331/5594/5291/7155/538/5980/317/2956/4437/836/1317/472/329/5170/841/5429/4436/4292/4193/672/4217/8503/5295/7153/330/54205/355/207/10000/540/5366/356/596/27113/1244/2064/4257/2940/2939	40
Environmental Information Processing	Membrane transport	hsa02010	ABC transporters	26/3703	45/9500	0.5777777777777777	1.482281633510367	2.5917336245177176	0.00804647021043658	0.021539781794091765	0.011010959235334267	19/22/23456/10060/4363/5825/10257/5244/9619/10057/23461/6890/23460/225/26154/9429/5243/6891/1244/10350/8714/8647/1080/85320/10351/94160	26
Human Diseases	Infectious disease: viral	hsa05167	Kaposi sarcoma-associated herpesvirus infection	93/3703	196/9500	0.4744897959183674	1.217297613077097	2.456757498623513	0.009049920179169451	0.024041009330923426	0.012289566173400058	5290/2932/1385/4775/1432/29110/1147/2033/5594/5291/2475/5610/3454/3845/836/5289/3716/1387/5894/1499/6774/5925/5599/5601/22863/4790/5532/5604/841/801/6773/6772/4893/3091/59345/3710/2782/5530/81631/1237/1871/3717/5294/1230/8678/64422/3459/5534/285/6416/3708/55970/8503/3709/4773/5295/7187/7098/5335/942/1233/23533/4067/3572/6850/5603/5533/54331/1019/131450/163688/54205/355/207/1234/1021/4277/5608/10000/3383/7422/6934/1232/595/3055/3576/51176/1870/2247/57580/5602/5743/2786	93
Metabolism	Amino acid metabolism	hsa00250	Alanine, aspartate and glutamate metabolism	22/3703	37/9500	0.5945945945945946	1.5254249658786523	2.5592416580694994	0.009167508019871552	0.024078284531891307	0.012308620949454417	5471/2673/159/2744/2747/2746/158/790/2806/7915/57494/9945/2752/1373/2346/440/284716/64902/18/8528/2875/80150	22
Environmental Information Processing	Signal transduction	hsa04340	Hedgehog signaling pathway	31/3703	56/9500	0.5535714285714286	1.4201805485899464	2.5203805398918755	0.009289399249568267	0.024078284531891307	0.012308620949454417	2932/23291/53944/8452/1452/1456/64750/339745/730094/11127/51684/57154/8454/84455/157/8945/2121/8405/50937/5567/5727/2737/408/23432/894/55733/64399/596/595/2736/4036	31
Human Diseases	Infectious disease: bacterial	hsa05134	Legionellosis	31/3703	56/9500	0.5535714285714286	1.4201805485899464	2.5203805398918755	0.009289399249568267	0.024078284531891307	0.012308620949454417	317/836/9554/5861/10767/56681/4790/841/3312/23786/7099/4615/7415/51128/840/3329/4671/58484/7097/3684/7100/54205/1915/3305/3553/664/1378/1379/3576/7124/3593	31
Organismal Systems	Endocrine system	hsa04924	Renin secretion	37/3703	69/9500	0.5362318840579711	1.375696164880023	2.5032059613780695	0.0093407138270268	0.024078284531891307	0.012308620949454417	1385/2773/5532/801/2776/3710/5530/5534/2983/3708/3709/112/3759/2977/1909/2982/5139/5567/5734/5533/5593/163688/1508/23236/5140/5332/1636/5136/775/5732/2770/3778/776/5137/117/185/1908	37
Environmental Information Processing	Signal transduction	hsa04392	Hippo signaling pathway - multiple species	18/3703	29/9500	0.6206896551724138	1.5923715161053014	2.553344403549319	0.009876423739828286	0.02482240798496668	0.012689010736416723	55233/9113/7003/92597/6788/26524/60485/122786/10413/8642/8994/9770/79633/25937/23286/5058/166824/54798	18
Organismal Systems	Nervous system	hsa04724	Glutamatergic synapse	58/3703	116/9500	0.5	1.2827437213070483	2.448736836287236	0.009899186183237055	0.02482240798496668	0.012689010736416723	5594/2773/54407/5532/113/2776/59345/3710/2782/5530/2744/9456/157/5534/3708/6507/55970/3709/109/112/116443/5337/81539/7220/115/22941/5567/5533/2918/2911/54331/6506/2915/23236/2752/5578/5332/5579/2892/775/2898/9455/2770/2912/5321/776/50944/2903/6505/283748/2904/255189/107/2786/2899/9229/3760/2891	58
Organismal Systems	Nervous system	hsa04725	Cholinergic synapse	58/3703	116/9500	0.5	1.2827437213070483	2.448736836287236	0.009899186183237055	0.02482240798496668	0.012689010736416723	5290/1385/5594/5291/3845/2773/5604/113/2776/4893/59345/3710/2782/64764/3717/5294/818/3708/55970/8503/3709/109/5295/112/3759/814/817/115/23533/8973/5567/54331/207/23236/10000/5578/3786/5332/1133/1132/5579/775/1136/596/1139/2770/9586/89832/3763/776/56479/1143/1141/107/1131/2786/774/3760	58
Metabolism	Lipid metabolism	hsa01040	Biosynthesis of unsaturated fatty acids	17/3703	27/9500	0.6296296296296297	1.6153069083125795	2.558845439460223	0.009914697442271173	0.02482240798496668	0.012689010736416723	201562/51/51144/51495/6342/3295/3992/60481/6319/79993/79071/401494/9415/6785/79966/83401/54898	17
Organismal Systems	Endocrine system	hsa04915	Estrogen signaling pathway	68/3703	139/9500	0.4892086330935252	1.2550586050198458	2.4210313171296676	0.010376458420098546	0.02567998337753035	0.01312739622142356	5290/1385/8202/1386/6667/6654/5594/5291/6655/10499/8648/3845/2773/5894/5604/113/801/2776/3312/4893/3320/3710/64764/3326/6464/3708/2885/9166/8503/3709/109/5295/112/7184/115/5567/2911/163688/207/3305/2289/23236/10000/5332/5580/3762/2288/596/1956/2770/9586/7039/2100/53358/3763/5443/3861/9687/2099/107/3866/3872/4318/5241/9568/3860/3760/3868	68
Organismal Systems	Endocrine system	hsa04929	GnRH secretion	35/3703	65/9500	0.5384615384615384	1.3814163152537444	2.466034465262532	0.010404820851240745	0.02567998337753035	0.01312739622142356	5290/5594/5291/3845/5894/5604/2776/4893/3710/3708/8503/3709/5295/3782/7220/207/7223/23236/10000/5578/408/5332/5579/3781/3762/775/6696/2100/3763/776/3814/610/1081/9568/3760	35
Cellular Processes	Cell growth and death	hsa04210	Apoptosis	67/3703	137/9500	0.48905109489051096	1.2546544427382809	2.3994857710214514	0.010993387927007601	0.02694154224365243	0.01377229473435348	5290/1147/331/5594/5291/9451/143/317/3845/836/1965/472/329/5170/5894/8737/5599/5601/10018/4790/5604/841/8837/4893/142/6709/3710/4170/835/840/1519/2081/84790/10376/3708/1520/4217/5783/8797/8503/3709/5295/4001/330/8795/839/843/54205/355/1508/207/1514/824/56616/1439/8743/10000/1075/1513/5366/356/596/27113/10912/5602/7124/8739	67
Environmental Information Processing	Signal transduction	hsa04310	Wnt signaling pathway	83/3703	174/9500	0.47701149425287354	1.2237669984883335	2.380877795537785	0.011192646416223086	0.027238048621298142	0.013923866355110058	2932/324/4775/57680/23291/2033/27130/1452/81839/79718/9475/23411/23002/1387/59343/1499/1457/5663/283106/5599/5601/6259/6885/5532/4040/1459/387/5530/8454/4089/1857/51701/818/6907/5534/8945/7855/8323/84133/1488/4773/4919/55366/23500/440193/817/5567/7976/4088/5533/27123/4163/7479/8840/8549/23236/5578/2239/5332/7091/8322/7474/6934/5579/894/85407/8321/7472/144165/166336/8313/595/51176/80319/4920/7473/7475/7484/5602/84870/6424/6423/1501	83
Environmental Information Processing	Signal transduction	hsa04668	TNF signaling pathway	59/3703	119/9500	0.4957983193277311	1.271964362304468	2.3860253915641714	0.011600960094158421	0.028035653560882848	0.014331595437958868	83737/5290/1385/1432/1386/1147/257397/331/5594/5291/6868/1540/10059/23118/836/329/8737/5599/5601/6885/4790/5604/841/9252/8837/64764/840/9530/6416/4217/8503/7412/5295/7187/7128/182/5603/330/843/355/207/8809/5608/10000/3553/3383/7188/3600/64127/3627/9586/6401/6347/5602/7124/6364/5743/4314/4318	59
Cellular Processes	Cellular community - eukaryotes	hsa04540	Gap junction	47/3703	92/9500	0.5108695652173914	1.3106294543789407	2.3927759935710533	0.011843777356519513	0.02842506565564683	0.014530659696927751	10746/6654/5594/6655/3845/2773/5894/7082/5604/113/2776/4893/3710/5592/2983/84790/10376/3708/2885/56034/3709/109/112/2977/2982/115/5567/2911/5593/1902/3357/2915/5159/80310/81027/23236/983/5578/5332/5156/5579/1956/2770/2697/1950/1812/107	47
Organismal Systems	Endocrine system	hsa04920	Adipocytokine signaling pathway	37/3703	70/9500	0.5285714285714286	1.356043362524594	2.389517509611747	0.012490670227213167	0.029772282459384812	0.015219345842819214	5781/1147/2475/26060/6774/5599/5601/4790/2181/5565/5562/2182/51094/3717/5571/10645/1374/5465/79602/3953/2180/207/51422/10000/5563/81616/51703/6513/3667/10891/5443/5602/5588/7124/23305/948/8471	37
Cellular Processes	Cell growth and death	hsa04216	Ferroptosis	24/3703	42/9500	0.5714285714285714	1.4659928243509124	2.418902532665115	0.012796241901682793	0.030293144093779673	0.015485606024950893	8031/2730/4891/7037/2181/10533/10162/2729/81631/2182/9474/1536/23516/7417/23657/64116/2180/5621/7419/51703/1356/30061/23305/246	24
Human Diseases	Cancer: specific types	hsa05224	Breast cancer	71/3703	148/9500	0.4797297297297297	1.230740597470276	2.2610843868921457	0.01543976134242145	0.03630430369704503	0.018558461357533605	5290/2932/324/8202/6667/6654/5594/5291/6655/4853/51426/2475/1452/8648/3845/5894/675/1499/673/5925/5604/4040/6198/4893/5728/1857/1871/672/6464/7855/8323/2885/8503/5295/182/7976/1019/207/7479/1021/10000/8322/7474/6934/8321/7472/3480/8313/1956/2252/595/2100/53358/51176/1870/2246/10912/1950/2247/8822/2260/7473/2064/2250/7475/8600/7484/3815/2099/5241/2255	71
Human Diseases	Endocrine and metabolic disease	hsa04934	Cushing syndrome	74/3703	155/9500	0.4774193548387097	1.2248133596996331	2.2553422816043946	0.015574026548490032	0.03637423650251363	0.01859421043231943	2932/1385/324/9101/1386/6667/5908/5594/5929/4297/405/57552/2773/8085/1499/673/5906/5925/5604/9134/113/2776/54554/5151/3710/1857/1871/64764/818/1017/5087/3708/7855/8323/3709/109/112/3949/817/115/5567/7976/1019/196/7479/1021/23236/9070/5332/1030/8322/7474/6934/1027/8321/775/7472/8313/1956/2770/9586/595/51176/1870/776/5443/7473/7475/7484/50940/898/185/107/3776	74
Organismal Systems	Immune system	hsa04640	Hematopoietic cell lineage	50/3703	100/9500	0.5	1.2827437213070483	2.271659275978309	0.015838306764633138	0.036744871693948876	0.01878367609279298	3676/7037/3672/3673/3554/4254/3684/3655/2814/3690/3570/3678/3574/1604/960/920/3553/928/3111/1436/3122/3113/3559/1438/3575/3117/917/3552/2209/945/3581/1378/3109/4311/1379/2811/100133941/952/3568/2322/3815/7124/921/925/948/914/3118/7066/909/931	50
Organismal Systems	Immune system	hsa04662	B cell receptor signaling pathway	46/3703	91/9500	0.5054945054945055	1.2968398061565762	2.273972722976591	0.015966631318426613	0.03679726952855934	0.01881046143474449	5290/2932/4775/1147/6654/5594/5291/6655/3845/10892/5894/8915/4790/5532/5604/118788/4893/5530/25780/5534/2885/8503/4773/5295/4067/6850/5533/7410/695/207/79168/10859/11024/27071/10000/11006/5579/29760/10451/3635/10288/2213/55024/10990/974/23547	46
Organismal Systems	Immune system	hsa04670	Leukocyte transendothelial migration	57/3703	116/9500	0.49137931034482757	1.2606274502500303	2.2571961457697585	0.016077284191150492	0.03680851906921297	0.01881621210737142	5290/6093/1432/5781/5908/3688/394/5291/9475/2773/7414/5747/998/1499/2909/5906/1495/3676/387/1536/100506658/9069/49861/4301/83700/8503/7412/5295/4478/5335/4688/3684/11069/5603/7410/5175/87/7430/83593/5578/3383/1003/5579/10451/7294/3702/7122/3683/29119/2770/51208/7852/6387/9076/399/10686/4318	57
Genetic Information Processing	Folding, sorting and degradation	hsa03018	RNA degradation	40/3703	78/9500	0.5128205128205128	1.3156345859559468	2.2370437950069575	0.017879542562253967	0.04066719484747961	0.020788735418100585	54464/23019/170506/1656/246175/57472/55802/22803/4850/9652/22894/23517/167227/4848/64282/219988/115752/9125/3313/255967/5073/87178/23644/9337/5394/25904/29883/84186/10766/10438/3329/132430/11044/9924/5042/131870/10140/26986/5213/140886	40
Metabolism	Glycan biosynthesis and metabolism	hsa00510	N-Glycan biosynthesis	30/3703	56/9500	0.5357142857142857	1.3743682728289803	2.2455835063224314	0.018514399616140265	0.041837734197511765	0.02138710550326524	10905/84061/201595/440138/84920/4124/23193/4249/3703/85365/11320/79796/144245/4122/2683/8813/4121/6185/29929/79868/1798/79087/2530/58505/6480/84620/54344/79644/57134/7991	30
Human Diseases	Cancer: specific types	hsa05219	Bladder cancer	23/3703	41/9500	0.5609756097560976	1.4391758824420544	2.252277757262817	0.019337500569242525	0.043415807729654185	0.02219380370935135	5594/3845/5894/673/5925/5604/9252/4893/4193/7057/1871/999/1612/1019/7422/1956/595/4312/3576/1870/1950/2064/4318	23
Genetic Information Processing	Chromosome	hsa03082	ATP-dependent chromatin remodeling	57/3703	117/9500	0.48717948717948717	1.2498528566581495	2.1733043118136	0.019666098135197378	0.04387052660928646	0.022426252259435606	8467/2186/196528/84295/9031/55193/11176/26122/8295/23506/57634/80314/54617/11177/57492/51773/54891/6599/29994/7528/57459/10847/8289/93973/6601/86/5928/6595/10933/94239/6602/6760/54107/51377/404281/29117/54556/9643/4798/64431/55274/57504/5931/10902/8932/3066/26039/64769/8089/1107/605/10524/6594/6605/8329/8969/27443	57
Genetic Information Processing	Replication and repair	hsa03420	Nucleotide excision repair	33/3703	63/9500	0.5238095238095238	1.343826755655003	2.1883012888882254	0.020782382820792703	0.04606540905500548	0.023548258107368197	8450/5431/2074/5981/5887/2072/2965/2967/1642/8451/5430/1161/5433/81488/54107/728340/7508/2071/5983/6117/2073/5985/10714/5432/4331/1022/5427/5426/5111/57654/246721/2966/548644	33
Organismal Systems	Sensory system	hsa04750	Inflammatory mediator regulation of TRP channels	49/3703	99/9500	0.494949494949495	1.2697867140211185	2.156578539385811	0.020916633743692552	0.04606954773927221	0.023550373768714463	5290/1432/5291/5501/5599/5601/113/801/2776/3710/3556/5500/818/5583/3708/8503/3709/109/5295/112/5581/3554/5335/817/115/5567/5603/5734/3269/163688/3357/5608/624/23236/5578/3553/5332/5580/5579/2150/5732/8989/5029/5321/5602/5588/283748/255189/107	49
Human Diseases	Infectious disease: parasitic	hsa05143	African trypanosomiasis	21/3703	37/9500	0.5675675675675675	1.4560874674296225	2.2215123417620046	0.021237119742006344	0.04648124320891955	0.023760829105588032	2776/4615/7412/3910/355/23236/5578/3586/3553/3383/5332/5579/2150/356/6401/3620/3458/3040/7124/3593/335	21
